loan_type,상품명,상품특징,대출신청자격,대출금액,대출기간 및 상환 방법,대출금리,중도상환 수수료,금리인하요구권 대상 여부,고객께서 알아두셔야 할 사항,담보,bank_name
담보대출,KB 청약(주택종합저축)담보대출,당행에 예치된 청약저축 또는 주택청약종합저축을 거래하는 고객이 긴급한 가계자금을 필요로 할 경우 청약저축의 중도해지에 따른 손실예방을 위해 납입액 범위 내에서 대출,"은행이 인정하는 본인 단독명의의 당행 청약저축(주택청약종합저축)을 담보로 제공하는 자
다음의 경우에는 담보대출을 취급불가☞청약저축(주택청약종합저축) 신규가입일을 포함하여 2영업일 이내의 담보대출. 다만, 재예치 예금 또는 주택청약예금/부금의 지역간 예치금액변경 및 평형변경은 제외☞제3자 명의의 청약저축(주택청약종합저축) 담보대출☞예금잔액증명서 발급계좌에 대한 발급당일 담보대출","당행 담보평가에서 정한 대출가능금액 이내☞청약저축(주택청약종합저축) 납입액의 95% 이내☞동일인 여신한도 : 제한없음(단, 종합통장자동대출은 최고 3억원 이내로 취급, 3억원 초과 취급시 본부승인)",만기일시상환(종합통장자동대출 포함) : 일단위 일계산 후취☞당행 청약저축(주택청약종합저축) 담보대출 : 2년(예금 해지할 때까지 1년 단위로 자동기한연장),"신규 COFIX 12개월 - 기준금리 연 3.70%, 가산금리 연 1.48%P
신잔액 COFIX 12개월 - 기준금리 연 3.18%, 가산금리 연 1.39%P",적용하지 않음.,본 상품은 금리인하요구권 신청대상이 아닙니다.,"대출금 5천만원까지 수입인지 비용이 없으며, 5천만원 초과하는 경우 대출금액별 수입인지 비용이 다르게 부과되어 고객과 은행이 각 50%씩 부담합니다.

수입인지대금은 각 50%씩 고객과 은행이 부담하며, 근저당권설정비용 중 설정등기와 관련하여 발생하는 비용(등록면허세, 지방세,   
   등기신청수수료 및 법무사수수료)은 은행이 부담하고, 국민주택채권매입비 및 감액/말소등기와 관련하여 발생하는 비용은 고객이 부담합니다.

일반금융소비자는 은행이 계약 체결을 권유하는 경우 및 일반금융소비자가 설명을 요청하는 경우에도 중요한 사항을 이해할 수 있도록 설명받을 
   권리가 있습니다.

대출사실만으로 신용점수는 하락할 수 있으며, 금리재산정주기가 도래하거나 대출금을 기한 연장하는 경우에는 기준금리 변동, 우대금리 제공
   조건 충족여부, 신용등급 변화 등에 따라 금리가 하락 또는 상승될 수 있습니다.

대출신청인이 신용도판단정보 등록자(신용회복지원 또는 배드뱅크 포함)이거나 은행의 신용평가 결과 신용등급이 낮은 고객일 경우 대출이 
   제한될 수 있습니다.

약정납입일이 경과되면 연체이자가 부과되며, 대출만기일이 경과하거나 이자를 납입하여야 할 때부터 2개월간 지체한 때, 분할상환원(리)금의  
   납입을 3회 이상 연속하여 지체한 때에는 대출잔액에 대하여 연체이자가 부과됩니다. 또한, 원리금 연체시 계약만기 전에 모든 원리금의
   변제의무가 발생할 수 있습니다.

상환능력에 비해 대출금, 신용카드 사용액이 과도할 경우 개인신용평점 하락과 금융거래와 관련된 불이익이 발생할 수 있습니다.

이 상품은 KB국민은행 개인여신부(P)에서 개발한 상품입니다.

기타 자세한 내용은 영업점 직원 또는 KB국민은행 고객센터(☎1588-9999)에 문의하시거나 KB국민은행 홈페이지(www.kbstar.com)를 참조하여
   주시기 바랍니다. 또한 대출계약을 체결하기 전에 상품설명서 및 약관을 읽어보시기 바랍니다.

이 안내장은 은행 이용자의 상품에 대한 이해를 돕고 약관의 중요내용을 알려드리기 위한 참고자료이며, 실제 상품의 계약은 대출거래약정서, 
   여신거래기본약관 등의 적용을 받습니다. 약관은 창구 및 KB국민은행 홈페이지(www.kbstar.com : 전체서비스 → 고객센터 → 서식/약관/
   설명서)에서 교부 및 열람이 가능합니다.

[준법감시인 심의필 제2023-2848호 (2023.07.19)]",청약저축(주택청약종합저축)을 질권취득※담보대출 취급 시는 대출금 이자납부 자동이체 등록 필수,국민은행
담보대출,당행 예부적금 등 수신금리연동담보대출,"당행 예·부·적금, 당행 발행 양도성예금증서(CD), 당행 발행 표지어음, 당행 발행 환매조건부채권(RP) 및 당행 신탁 등을 거래하는 고객이 이를 담보로 대출 실행","은행이 인정하는 본인 단독명의의 당행 예·부·적금·신탁 등을 담보로 제공하는 자
다음의 경우에는 담보대출 취급불가☞예금 신규 가입일을 포함하여 2영업일 이내의 예금담보대출.다만, 재예치 예금 또는 주택청약예금/부금의 지역간 예치금액변경 및 평형변경은 제외☞계약해지의제좌에 편입된 적립식 예금의 담보대출☞수신금리가 일반 공시금리 미만인 예금 담보대출☞예금잔액증명서 발급계좌에 대한 발급 당일 담보대출☞당행 신탁 중 비과세 가계신탁은 은행대출의 담보로 할 수 없으며, 신탁대출로만 운용☞중장기주택부금을 담보로 대출취급 불가☞복수 예·부·적금 담보로 하는 경우 최대 5계좌까지 가능(일반예금과 아래 각호의 예금 상호간 또는 아래 각호의 예금 상호간 복수담보 취득 불가)-차세대주택종합통장[차세대주택종합통장내 주택부금(청약예금 포함),정기예금(청약예금 포함) 상호간 복수담보 취급불가]-당행 신탁(당행 신탁 상호간에도 복수담보 취급 불가)- 수신금리연동대출로 취급이 불가한 예금[투자신탁, 외화예금 등]","당행 예·부·적금 및 신탁 담보대출☞당행 예·부·적금, CD, 표지어음, RP : 납입액의 95% 이내☞장부가신탁 : 표면잔액의 90% 이내☞시가평가신탁 : 담보별 담보인정비율 이내※ 예·부·적금 및 신탁 신규일(신규가입일 포함) 포함 2영업일 이후에 예·부·적금·신탁 담보대출 실행이 가능합니다.","만기일시상환(종합통장자동대출 포함)☞당행 예·부·적금 담보대출 : 해당 예·부·적금 만기일 이내(1년 단위로 자동기한 연장)☞당행 청약예금, 청약부금 담보대출 : 1년 이내(예금 해지할 때까지 자동기한연장)☞당행 신탁 담보대출 : 1년(신탁 해지할 때까지 1년 단위로 자동기한연장)","대출금액 5억원 이하 : 수신금리 + 연 1.25%p
대출금액 5억원 초과 : 수신금리 + 연 1.00%p",적용하지 않음.,본 상품은 금리인하요구권 신청대상이 아닙니다.,"대출금 5천만원까지 수입인지 비용이 없으며, 5천만원 초과하는 경우 대출금액별  수입인지 비용이 다르게 부과되어 고객과 은행이 각 50%씩 부담합니다.
 ※  대출금 5천만원 이하 : 비과세,※ 대출금 5천만원 초과~1억원 이하 : 7만원 (고객부담 3만5천원),     
 ※  대출금1억원 초과~10억원이하 : 15만원 (고객부담 7만5천원),※ 대출금 10억원 초과 : 35만원 (고객부담 17만5천원)

수입인지대금은 각 50%씩 고객과 은행이 부담하며, 근저당권설정비용 중 설정등기와 관련하여 발생하는 비용(등록면허세, 지방세,   
   등기신청수수료 및 법무사수수료)은 은행이 부담하고, 국민주택채권매입비 및 감액/말소등기와 관련하여 발생하는 비용은 고객이 부담합니다.

일반금융소비자는 은행이 계약 체결을 권유하는 경우 및 일반금융소비자가 설명을 요청하는 경우에도 중요한 사항을 이해할 수 있도록 설명받을 
   권리가 있습니다.

대출사실만으로 신용점수는 하락할 수 있으며, 금리재산정주기가 도래하거나 대출금을 기한 연장하는 경우에는 기준금리 변동, 우대금리 제공
   조건 충족여부, 신용등급 변화 등에 따라 금리가 하락 또는 상승될 수 있습니다.

대출신청인이 신용도판단정보 등록자(신용회복지원 또는 배드뱅크 포함)이거나 은행의 신용평가 결과 신용등급이 낮은 고객일 경우 대출이 
   제한될 수 있습니다.

약정납입일이 경과되면 연체이자가 부과되며, 대출만기일이 경과하거나 이자를 납입하여야 할 때부터 2개월간 지체한 때, 분할상환원(리)금의  
   납입을 3회 이상 연속하여 지체한 때에는 대출잔액에 대하여 연체이자가 부과됩니다. 또한, 원리금 연체시 계약만기 전에 모든 원리금의
   변제의무가 발생할 수 있습니다.

상환능력에 비해 대출금, 신용카드 사용액이 과도할 경우 개인신용평점 하락과 금융거래와 관련된 불이익이 발생할 수 있습니다.

이자는 대출기간 중 매월 이자지급일에 대출상환방법에 따라 다음과 같이 부과됩니다. 일시상환(종합통장자동대출 포함) : 일단위 일계산 후취, 분할상환 : 월단위 월계산 또는 월단위 일계산 후취

이 상품은 KB국민은행 개인여신부(P)에서 개발한 상품입니다. 기타 자세한 내용은 영업점 직원 또는 KB국민은행 고객센터(☎1588-9999)에 문의하시거나 KB국민은행 홈페이지(www.kbstar.com)를 참조하여 주시기 바랍니다. 또한 대출계약을 체결하기 전에 상품설명서 및 약관을 읽어보시기 바랍니다.

이 안내장은 은행 이용자의 상품에 대한 이해를 돕고 약관의 중요내용을 알려드리기 위한 참고자료이며, 실제 상품의 계약은 대출거래약정서, 
   여신거래기본약관 등의 적용을 받습니다. 약관은 창구 및 KB국민은행 홈페이지(www.kbstar.com : 전체서비스 → 고객센터 → 서식/약관/
   설명서)에서 교부 및 열람이 가능합니다.

[준법감시인 심의필 제2023-3732-28호 (2023.10.06)]",당행 예·부·적금·신탁 등의 담보,국민은행
담보대출,주택자금대출,"주택의 신규분양, 재건축, 재개발 등 일정규모 이상의 주택사업장에 대해 은행과 시행(시공)사의 협약 등에 의해 취급되는 주택자금대출
사업장별, 대출종류별로 대출한도, 금리 등의 대출조건 상이","은행이 승인한 주택사업장의 수분양자, 조합원, 임차인 등",소요자금 이내,사업장별 승인사항에 따름(세부사항은 사업장별 별도 확인),사업장별 승인사항에 따름(세부사항은 사업장별 별도 확인),사업장별 승인사항에 따름(세부사항은 사업장별 별도 확인),"본 상품은 금리인하요구권 신청이 가능합니다. 단, 은행의 심사결과에 따라 금리인하 요청이 반영되지 않을 수도 있습니다.","대출금 5천만원까지 수입인지 비용이 없으며, 5천만원 초과시 대출금액별 수입인지 비용이 차등 부과됩니다.

수입인지대금은 각 50%씩 고객과 은행이 부담하며, 근저당권설정비용 중 설정등기와 관련하여 발생하는 비용(등록면허세, 지방세,   
   등기신청수수료 및 법무사수수료)은 은행이 부담하고, 국민주택채권매입비 및 감액/말소등기와 관련하여 발생하는 비용은 고객이 부담합니다.

금융소비자는 해당상품 또는 서비스에 대하여 설명받을 권리가 있습니다.

대출사실만으로 신용점수는 하락할 수 있으며, 금리재산정주기가 도래하거나 대출금을 기한 연장하는 경우에는 기준금리 변동, 우대금리 제공
   조건 충족여부, 신용등급 변화 등에 따라 금리가 하락 또는 상승될 수 있습니다.

대출신청인이 신용도판단정보 등록자(신용회복지원 또는 배드뱅크 포함)이거나 은행의 신용평가 결과 신용등급이 낮은 고객일 경우 대출이 
   제한될 수 있습니다.

이자는 대출기간 중 매월 이자지급일에 대출상환방법에 따라 다음과 같이 부과됩니다. 일시상환(종합통장자동대출 포함) : 일단위 일계산 후취,
   분할상환 : 월단위 월계산 또는 월단위 일계산 후취

약정납입일이 경과되면 연체이자가 부과되며, 대출만기일이 경과하거나 이자를 납입하여야 할 때부터 2개월간 지체한 때, 분할상환원(리)금의  
   납입을 3회 이상 연속하여 지체한 때에는 대출잔액에 대하여 연체이자가 부과됩니다. 또한, 원리금 연체시 계약만기 전에 모든 원리금의
   변제의무가 발생할 수 있습니다.

상환능력에 비해 대출금, 신용카드 사용액이 과도할 경우 개인신용평점 하락과 금융거래와 관련된 불이익이 발생할 수 있습니다.

기타 자세한 내용은 영업점 직원 또는 고객센터(☎1588-9999)에 문의하시거나 KB국민은행 홈페이지(www.kbstar.com)를 참조하여
   주시기 바랍니다. 또한 대출계약을 체결하기 전에 상품설명서 및 약관을 읽어보시기 바랍니다.

이 상품은 KB국민은행 개인여신부(P)에서 개발한 상품입니다.

이 안내장은 은행 이용자의 상품에 대한 이해를 돕고 약관의 중요내용을 알려드리기 위한 참고자료이며, 실제 상품의 계약은 대출거래약정서, 
   여신거래기본약관 등의 적용을 받습니다. 약관은 창구 및 KB국민은행 홈페이지(www.kbstar.com : 전체서비스 → 고객센터 → 서식/약관/
   설명서)에서 교부 및 열람이 가능합니다.

[준법감시인 심의필 제2024-4942-87호 (2024.10.14)]","사업장별 승인사항에 따름(세부사항은 사업장별 별도 확인)
주택금융신용보증서 이용 시 보증료 부담 주체는 사업장별 별도 확인",국민은행
담보대출,KB 주택담보대출,혼합금리와 변동금리 중 선택이 가능한 주택담보대출,주택을 담보로 대출 신청하는 고객(주택구입/신축/경락주택 구입자금대출 및 통장자동대출 포함),"담보조사가격 및 소득금액, 담보물건지 지역 등에 따른 대출가능금액 이내(통장자동대출은 최고 3억원 이내)","대출기간
거치기간","금융채5년 (2.68) - 최저 3.53, 최고 4.93
신규COFIX6개월 (2.84) - 최저 4.19, 최고 5.59
신규COFIX12개월 (2.84) - 최저 4.14, 최고 5.54
신잔액COFIX6개월 (2.80) - 최저 4.49, 최고 5.89
신잔액COFIX12개월 (2.80) - 최저 4.61, 최고 6.01",중도상환수수료 : 중도상환원금 × 수수료율(0.58%) × 잔존일수 ÷ 대출기간(최장 3년까지 부과),"본 상품은 금리인하요구권 신청이 가능합니다. 단, 은행의 심사결과에 따라 금리인하 요청이 반영되지 않을 수도 있습니다.","대출금 5천만원까지 수입인지 비용이 없으며, 5천만원 초과시 대출금액별 수입인지 비용이 차등 부과됩니다.

수입인지대금은 각 50%씩 고객과 은행이 부담하며, 근저당권설정비용 중 설정등기와 관련하여 발생하는 비용(등록면허세, 지방세,   
   등기신청수수료 및 법무사수수료)은 은행이 부담하고, 국민주택채권매입비 및 감액/말소등기와 관련하여 발생하는 비용은 고객이 부담합니다.

금융소비자는 해당상품 또는 서비스에 대하여 설명받을 권리가 있습니다.

대출사실만으로 신용점수는 하락할 수 있으며, 금리재산정주기가 도래하거나 대출금을 기한 연장하는 경우에는 기준금리 변동, 우대금리 제공
   조건 충족여부, 신용등급 변화 등에 따라 금리가 하락 또는 상승될 수 있습니다.

대출신청인이 신용도판단정보 등록자(신용회복지원 또는 배드뱅크 포함)이거나 은행의 신용평가 결과 신용등급이 낮은 고객일 경우 대출이 
   제한될 수 있습니다.

이자는 대출기간 중 매월 이자지급일에 대출상환방법에 따라 다음과 같이 부과됩니다. 일시상환(종합통장자동대출 포함) : 일단위 일계산 후취,
   분할상환 : 월단위 월계산 또는 월단위 일계산 후취

약정납입일이 경과되면 연체이자가 부과되며, 대출만기일이 경과하거나 이자를 납입하여야 할 때부터 2개월간 지체한 때, 분할상환원(리)금의  
   납입을 3회 이상 연속하여 지체한 때에는 대출잔액에 대하여 연체이자가 부과됩니다. 또한, 원리금 연체시 계약만기 전에 모든 원리금의
   변제의무가 발생할 수 있습니다.

연체이자율은 대출이자율에 연 3%의 연체가산을 더하며, 최고 연체이자율은 연 15%입니다. 다만, 대출이자율이 15% 이상인 경우 대출이자율
    에 연2%를 더하여 적용합니다.

상환능력에 비해 대출금, 신용카드 사용액이 과도할 경우 개인신용평점 하락과 금융거래와 관련된 불이익이 발생할 수 있습니다.

이 상품은 KB국민은행 개인여신부(P)에서 개발한 상품입니다. 기타 자세한 내용은 영업점 직원 또는 KB국민은행 고객센터(☎1588-9999)에 문의하시거나 KB국민은행 홈페이지(www.kbstar.com)를 참조하여 주시기 바랍니다. 또한 대출계약을 체결하기 전에 상품설명서 및 약관을 읽어보시기 바랍니다.

이 안내장은 은행 이용자의 상품에 대한 이해를 돕고 약관의 중요내용을 알려드리기 위한 참고자료이며, 실제 상품의 계약은 대출거래약정서, 
   여신거래기본약관 등의 적용을 받습니다. 약관은 창구 및 KB국민은행 홈페이지(www.kbstar.com : 전체서비스 → 고객센터 → 서식/약관/
   설명서)에서 교부 및 열람이 가능합니다.

[준법감시인 심의필 제2024-6049-79호(2025.01.06)]","대상 주택 및 토지에 근저당권 설정
주택금융신용보증서 및 모기지신용보험은 대상자 담보 요건 등을 감안하여 필요시 담보 취득",국민은행
담보대출,KB스타 아파트담보대출(구입자금),KB 스타뱅킹 전용 아파트 담보대출,"KB시세정보가 제공되는 본인명의 또는 배우자와의 공동명의 아파트를 담보로 제공하여 대출을 신청하는 소득확인 가능고객
※ 단 아래 항목의 1에 해당하는 경우 대출대상에서 제외됩니다.(1) 대출신청인이 미성년자인 경우(2) 대출신청인이 외국인, 시민권자, 영주권자, 재외국민인 경우☞ 외국인 등 전자등기 접수진행의 어려움으로 인하여 불가(3) 세입자 퇴거/ 직권말소 조건인 일반자금대출(4) 근저당권 계속사용(원용)하는 공동명의 물건에 대한 대출(5) 등기필정보가 없는 (구)등기권리증 물건을 담보로 신청하는 경우(6) 인터넷 전자등기 적용대상이 아닌 경우☞ 확인서면(설정등기접수서류) 진행, 미등기 주택담보대출 등(7) 본건 이외 진행중인 다른 대출(주)이 있는 경우(주) 가계여신 중 신규, 한도증액, 채무자변경 진행중인 대출(8) 기타 비대면채널을 통한 대출 진행이 부적합하다고 비대면 심사전담조직에서 판단한 경우☞ 고객이 비대면채널을 통한 대출신청 시 대출대상 여부를 점검하는 절차를 수행하고 대출대상이 아닌 건으로 판단되는 경우에는 영업점 창구를 통한 대출신청을 안내합니다.",담보평가 및 소득금액 등에 따른 대출가능금액이내에서 최소 1천만원 이상 최대 10억원 이내,"대출기간 : 최저 10년 이상 최장 50년 이내※ 단, 대출기간 40년 초과 대출은 만34세 이하만 가능
거치기간 : 비거치만 가능
상환방법 : 원금균등 분할상환 또는 원리금균등 분할상환","금융채5년 (2.68) - 최저 3.53, 최고 3.53
신잔액COFIX6개월 (2.80) - 최저 4.61, 최고 4.61",중도상환수수료 : 중도상환원금 × 수수료율(0.58%) × 잔존일수 ÷ 대출기간(최장 3년까지 부과),"본 상품은 금리인하요구권 신청이 가능합니다. 단, 은행의 심사결과에 따라 금리인하 요청이 반영되지 않을 수도 있습니다.","대출금 5천만원까지 수입인지 비용이 없으며, 5천만원 초과하는 경우 대출금액별  수입인지 비용이 다르게 부과되어 고객과 은행이 각 50%씩 부담합니다.

근저당권설정비용 중 설정등기와 관련하여 발생하는 비용(등록면허세, 지방세, 등기신청수수료 및 법무사수수료)은 은행이 부담하고, 국민주택채권매입비 및 감액/말소등기와 관련하여 발생하는 비용은 고객이 부담합니다.

대출계약을 체결하기 전에 상품설명서 및 약관을 읽어보시기 바랍니다.

금융소비자는 해당상품 또는 서비스에 대하여 설명받을 권리가 있습니다.

대출사실만으로 신용점수는 하락할 수 있으며, 금리재산정주기가 도래하거나 대출금을 기한 연장하는 경우에는 기준금리 변동, 우대금리 제공 조건 충족여부, 신용등급 변화 등에 따라 금리가 하락 또는 상승될 수 있습니다.

대출신청인이 신용도판단정보 등록자(신용회복지원 또는 배드뱅크 포함)이거나 은행의 신용평가 결과 신용등급이 낮은 고객일 경우 대출이 제한될 수 있습니다.

이자는 대출기간 중 매월 이자지급일에 대출상환방법에 따라 다음과 같이 부과됩니다. 일시상환(종합통장자동대출 포함) : 일단위 일계산 후취, 분할상환 : 월단위 월계산 또는 월단위 일계산 후취

약정납입일이 경과되면 연체이자가 부과되며, 대출만기일이 경과하거나 이자를 납입하여야 할 때부터 2개월간 지체한 때, 분할상환원(리)금의 납입을 3회 이상 연속하여 지체한 때에는 대출잔액에 대하여 연체이자가 부과됩니다. 또한, 원리금 연체시 계약만기 전에 모든 원리금의 변제의무가 발생할 수 있습니다.

연체이자율은 대출이자율에 연 3%의 연체가산을 더하며, 최고 연체이자율은 연 15%입니다. 다만, 대출이자율이 15% 이상인 경우 대출이자율 에 연2%를 더하여 적용합니다.

상환능력에 비해 대출금, 신용카드 사용액이 과도할 경우 개인신용평점 하락할 수 있으며, 개인신용평점 하락으로 금융거래와 관련된 불이익이 발생할 수 있습니다. 또한 대출 취급 후 일정 기간 납부해야 할 원리금이 연체될 경우, 계약만료 기한이 도래하기 전에 모든 원리금을 변제해야 할 의무가 발생할 수 있습니다.

이 상품은 KB국민은행 개인여신부(P)에서 개발한 상품입니다. 기타 자세한 내용은 영업점 직원 또는 KB국민은행 고객센터(☎1588-9999)에 문의하시거나 KB국민은행 홈페이지(www.kbstar.com)를 참조하여 주시기 바랍니다. 또한 대출계약을 체결하기 전에 상품설명서 및 약관을 읽어보시기 바랍니다.

본 공시는 은행 이용자의 상품에 대한 이해를 돕고 약관의 중요내용을 알려드리기 위한 참고자료이며, 실제 상품의 계약은 대출거래약정서, 여신거래기본약관 등의 적용을 받습니다. 약관은 창구 및 KB국민은행 홈페이지(www.kbstar.com : 전체서비스 → 고객센터 → 서식/약관/ 설명서)에서 교부 및 열람이 가능합니다.

[준법감시인 심의필 제2024-6049-82호(2025.01.06)]","대상주택에 근저당권 설정
모기지신용보험(MCI)은 대상자 담보 요건 등을 감안하여 필요시 담보 취득",국민은행
담보대출,KB 주택구입자금대출(집단 입주잔금대출),분양받은 주택에 입주예정으로 분양대금 잔금을 납부하려는 고객을 위한 맞춤상품,은행이 승인한 사업장의 입주예정자(‘무보증취급 후 후취담보 취득’ 방식은 수분양자 본인이 입주하는 경우만 가능),소요자금의 100% 이내(사업장별 승인한도 범위 내),"최저 1 년 이상 최장 40년 이내(비거치 또는 거치기간 1년 운용)
원(리)금균등 분할상환",사업장별 승인사항에 따름(세부사항은 사업장별 별도 확인),중도상환수수료 : 중도상환원금 × 수수료율(0.58%) × 잔존일수 ÷ 대출기간(최장 3년까지 부과),본 상품은 금리인하요구권 신청대상이 아닙니다.,"대출금 5천만원까지 수입인지 비용이 없으며, 5천만원 초과시 대출금액별 수입인지 비용이 차등 부과됩니다.

수입인지대금은 각 50%씩 고객과 은행이 부담하며, 근저당권설정비용 중 설정등기와 관련하여 발생하는 비용(등록면허세, 지방세,   
   등기신청수수료 및 법무사수수료)은 은행이 부담하고, 국민주택채권매입비 및 감액/말소등기와 관련하여 발생하는 비용은 고객이 부담합니다.

일반금융소비자는 은행이 계약 체결을 권유하는 경우 및 일반금융소비자가 설명을 요청하는 경우에도 중요한 사항을 이해할 수 있도록 설명받을 
   권리가 있습니다.

대출사실만으로 신용점수는 하락할 수 있으며, 금리재산정주기가 도래하거나 대출금을 기한 연장하는 경우에는 기준금리 변동, 우대금리 제공
   조건 충족여부, 신용등급 변화 등에 따라 금리가 하락 또는 상승될 수 있습니다.

대출신청인이 신용도판단정보 등록자(신용회복지원 또는 배드뱅크 포함)이거나 은행의 신용평가 결과 신용등급이 낮은 고객일 경우 대출이 
   제한될 수 있습니다.

이자는 대출기간 중 매월 이자지급일에 대출상환방법에 따라 다음과 같이 부과됩니다. 일시상환(종합통장자동대출 포함) : 일단위 일계산 후취,
   분할상환 : 월단위 월계산 또는 월단위 일계산 후취

약정납입일이 경과되면 연체이자가 부과되며, 대출만기일이 경과하거나 이자를 납입하여야 할 때부터 2개월간 지체한 때, 분할상환원(리)금의  
   납입을 3회 이상 연속하여 지체한 때에는 대출잔액에 대하여 연체이자가 부과됩니다. 또한, 원리금 연체시 계약만기 전에 모든 원리금의
   변제의무가 발생할 수 있습니다.

상환능력에 비해 대출금, 신용카드 사용액이 과도할 경우 개인신용평점 하락과 금융거래와 관련된 불이익이 발생할 수 있습니다.

이 상품은 KB국민은행 개인여신부(P)에서 개발한 상품입니다. 기타 자세한 내용은 영업점 직원 또는 고객센터(☎1588-9999)에 문의하시거나 KB국민은행 홈페이지(www.kbstar.com)를 참조하여 주시기 바랍니다. 또한 대출계약을 체결하기 전에 상품설명서 및 약관을 읽어보시기 바랍니다.

이 안내장은 은행 이용자의 상품에 대한 이해를 돕고 약관의 중요내용을 알려드리기 위한 참고자료이며, 실제 상품의 계약은 대출거래약정서, 
   여신거래기본약관 등의 적용을 받습니다. 약관은 창구 및 KB국민은행 홈페이지(www.kbstar.com : 전체서비스 → 고객센터 → 서식/약관/
   설명서)에서 교부 및 열람이 가능합니다.

[준법감시인 심의필 제2024-6049-81호(2025.01.06)]",무보증취급 후 후취담보 취득(대출대상 물건이 준공된 때 해당 물건에 대해 1순위 근저당권 설정),국민은행
담보대출,한국주택금융공사 아낌e-보금자리론,한국주택금융공사가 사전에 양수 적격여부를 심사하여 고객의 대출금리를 낮춘 장기 고정금리 상품으로 향후 금리 변동의 위험을 피하고자 하는 고객에게 적합한 상품(인터넷 비대면 약정),"민법상 성년으로 무주택자(채무자와 배우자 기준)로서 부부합산 연소득이 7천만원 이하인 대한민국 국민, 주민등록을 한 재외국민 및 외국국적동포","3.6억원(다자녀가구·전세사기피해자 4억원, 생애최초 주택구입자 4.2억원) 이내 (1백만원 단위)(주택유형과 신용등급 담보물건지 지역 등에 따라 담보평가 금액의 최대 70%까지 대출, 생애최초 주택구입자는 최대 80%까지 대출)","대출기간 : 10년,15년,20년,30년,40년,50년거치기간(이자만 납부하는 기간) 없음
매월 원금균등, 원리금균둥, 체증식 분할상환※※ 원금상환이 시작되는 고정금리기간 중에만 적용※ 대출만기 40년은 만39세이하(신혼가구인 경우 만 49세 이하)인 경우 선택 가능※ 대출만기 50년은 만34세이하(신혼가구인 경우 만 39세 이하)인 경우 선택 가능. 체증식상환방식 선택불가
분할상환기간 : 원금은 약정된 분할상환 납입일에 균등분할 상환하고, 이자는 원금상환방법과 동일한 월단위로 후취","기본금리 (연 3.95%) - 최저 연 4.15%, 최고 연 4.20%
최종금리 (연 2.95%~ 연 3.95%) - 최저 연 3.15%~ 연 4.15%, 최고 연 3.20%~ 연 4.20%",0.70%,본 상품은 금리인하요구권 신청대상이 아닙니다.,"일반금융소비자는 은행이 계약 체결을 권유하는 경우 및 일반금융소비자가 설명을 요청하는 경우에도 중요한 사항을 이해할 수 있도록 설명받을 권리가 있습니다.

본 상품은 한국주택금융공사와의 업무협약에 의해 대출취급 후 공사로 양도되는 자산유동화목적 대출상품입니다.

본 대출 취급 후 금리조건변경 및 기한연장 취급이 불가하며, 금리하락시 변동금리 상품에 비해 불리할 수도 있으므로 유의하시기 바랍니다.

대출신청인이 신용도판단정보 등록자(신용회복지원 또는 배드뱅크 포함)이거나 은행의 신용평가 결과 신용등급이 낮은 고객일 경우 대출이 제한될 수 있습니다.

대출 사실만으로 신용점수는 하락할 수 있습니다.

상환능력에 비해 대출금, 신용카드 사용액이 과도할 경우 개인신용평점 하락할 수 있으며, 개인신용평점 하락으로  금융거래와 관련된 불이익이 발생할 수 있습니다. 또한 대출 취급 후 일정 기간 납부해야 할 원리금이 연체될 경우, 계약만료 기한이 도래하기 전에 모든 원리금을 변제해야 할 의무가 발생할 수 있습니다.

약정 납입일이 경과되면 연체이자가 부과되며, 대출만기일이 경과하거나 이자를 납입하여야 할 때부터 2개월간 지체한 때, 분할상환원(리)금의 납입을 3회 이상 연속하여 지체한 때에는 대출잔액에 대하여 연체이자가 부과됩니다.

이 상품은 KB국민은행 개인여신부(P)에서 개발한 상품입니다. 기타 자세한 내용은 영업점 직원 또는 KB국민은행 고객센터(☎1588-9999)에  문의하시거나 KB국민은행 홈페이지(www.kbstar.com)를 참조하여 주시기 바랍니다.

본 공시는 상품에 대한 이해를 돕고 약관의 중요내용을 알려드리기 위한 참고자료이며, 실제상품의 계약은 대출거래약정서, 여신거래기본약관 등의 적용을 받기 때문에 대출계약을 체결하기 전에 반드시 상품설명서 및 관련 약관을 읽어보시기 바랍니다.

[준법감시인 심의필 제2024-4270-3호(2024.09.27)]","1순위 근저당권 설정 원칙(한정근담보로 운용)
주택금융신용보증서(MCG)운용가능",국민은행
담보대출,임대주택 입주자 특례보증 전세자금대출,공공임대주택 입주(예정)자를 대상으로 보증한도를 확대(임차보증금의 90%)한 전세자금대출,"임차보증금 수도권 7억원(그 외 지역 5억원) 이하인 임대차계약을 체결*하고 임차보증금의 5% 이상을 지급한 민법상 성년인 세대주 중 공공주택사업자 및 한국주택금융공사가 인정한 임대사업자 임대목적물에 입주(예정)자로 당행 대출심사를 통과한 고객* 월세가 있는 경우 전월세전환율을 적용하여 임차보증금 계산
본인과 배우자(결혼예정자 포함)의 합산 주택수가 1주택* 이내인 경우* 보유 중인 주택이 2020.7.10일 이후 투기지역 또는 투기과열지구 내 소재한 주택으로서 취득시점 주택가액이 3억원을 초과하는 아파트를 구입한 경우에는 대출대상에서 제외. 단, 실수요 요건을 증빙하는 경우 신청 가능",최고 222백만원 이내- 공공주택사업자(공공임대주택) : 임차보증금의 90% 이내- 공사가 인정한 임대사업자 : 임차보증금의 80% 이내,"대출 기간 : 임대차계약 종료일 이내로 1년 이상 2년 이내 (기한연장 시 대출기간 이내에서 최장 10년까지 이용 가능)
상환 방법 : 일시상환","신규COFIX6개월 (2.84) - 최저 3.94, 최고 5.34
신규COFIX12개월 (2.84) - 최저 4.02, 최고 5.42
잔액COFIX6개월 (3.30) - 최저 4.48, 최고 5.88
잔액COFIX12개월 (3.30) - 최저 4.45, 최고 5.85
신잔액COFIX6개월 (2.80) - 최저 4.15, 최고 5.55
신잔액COFIX12개월 (2.80) - 최저 4.51, 최고 5.91","중도상환수수료 : 중도상환원금 × 수수료율(0.59%) × 잔존일수 ÷ 대출기간(최장 3년까지 부과)☞ 단, 금리변동주기 또는 고정금리기간이 3년 이상이거나 금리변동주기와 대출기간이 동일한 경우 수수료율(0.79%) 적용","본 상품은 금리인하요구권 신청이 가능합니다. 단, 은행의 심사결과에 따라 금리인하 요청이 반영되지 않을 수도 있습니다.",,"주택금융신용보증서 담보
임차보증금반환채권에 대한 질권설정 또는 채권양도",국민은행
담보대출,KB골든라이프 공사주택연금론,"종신연금, 종신거주 보장
대출금 상환의 부담이 없습니다.
주택가격을 초과하여 연금 수령 가능
예상연금 및 보증료율 조회하기http://www.hf.go.kr/hindex.htm","일반형,주택담보대출상환용 : 
-소유자 또는 배우자 만 55세 이상
-공시가격 등이 12억원 이하 1주택자 또는 보유주택 공시가격 등의 합계가 12억원 이하 다주택자
-대출한도의 50%이내 수시 인출
주택담보대출상환용,대출상환우대형
-대출한도의 50%초과 90%이내 일시인출
대출상환 우대형,우대형:
-소유자 또는 배우자 만 65세 이상(기초연금 수급자)
-부부 기준 1주택 2.5억원 미만",주택담보노후연금보증서'상의 보증금액,"대출기간: 신청일 현재 채무자와 그 배우자 중 연령이 낮은 자를 기준으로 만 100세 이내에 연금보증서에서 정한 기간
상환방법: 만기일시상환","일반형/우대형 - 기준금리 3개월 변동, 가산금리 연 3.60%
COFIX(6개월 변동) - 기준금리 연 3.54%, 가산금리 연 0.85%p
주담대상환용/대출상환우대형 - 기준금리 3개월 변동, 가산금리 연 3.60%
COFIX(6개월 변동) - 기준금리 연 3.54%, 가산금리 연 0.75%p",면제,본 상품은 금리인하요구권 신청대상이 아닙니다.,,한국주택금융공사 주택담보노후연금보증서,국민은행
담보대출,KB 일반부동산 담보대출,일반부동산(주택 제외)을 담보로 신청가능한 대출상품,"일반부동산(상가, 오피스텔, 나대지 등)을 담보로 대출 신청하는 고객","담보조사가격 및 소득금액, 담보물건지 지역 등에 따른 대출가능금액 이내(통장자동대출은 최고 3억원 이내)","대출기간
거치기간","신규COFIX6개월 (2.84) - 최저 4.74, 최고 5.64
신규COFIX12개월 (2.84) - 최저 4.89, 최고 5.79
신잔액COFIX6개월 (2.80) - 최저 5.04, 최고 5.94
신잔액COFIX12개월 (2.80) - 최저 5.27, 최고 6.17",중도상환수수료 : 중도상환원금 × 수수료율(0.58%) × 잔존일수 ÷ 대출기간(최장 3년까지 부과),"본 상품은 금리인하요구권 신청이 가능합니다. 단, 은행의 심사결과에 따라 금리인하 요청이 반영되지 않을 수도 있습니다.","대출금 5천만원까지 수입인지 비용이 없으며, 5천만원 초과시 대출금액별 수입인지 비용이 차등 부과됩니다.

수입인지대금은 각 50%씩 고객과 은행이 부담하며, 근저당권설정비용 중 설정등기와 관련하여 발생하는 비용(등록면허세, 지방세,   
   등기신청수수료 및 법무사수수료)은 은행이 부담하고, 국민주택채권매입비 및 감액/말소등기와 관련하여 발생하는 비용은 고객이 부담합니다.

금융소비자는 해당상품 또는 서비스에 대하여 설명받을 권리가 있습니다.

대출사실만으로 신용점수는 하락할 수 있으며, 금리재산정주기가 도래하거나 대출금을 기한 연장하는 경우에는 기준금리 변동, 우대금리 제공
   조건 충족여부, 신용등급 변화 등에 따라 금리가 하락 또는 상승될 수 있습니다.

대출신청인이 신용도판단정보 등록자(신용회복지원 또는 배드뱅크 포함)이거나 은행의 신용평가 결과 신용등급이 낮은 고객일 경우 대출이 
   제한될 수 있습니다.

이자는 대출기간 중 매월 이자지급일에 대출상환방법에 따라 다음과 같이 부과됩니다. 일시상환(종합통장자동대출 포함) : 일단위 일계산 후취,
   분할상환 : 월단위 월계산 또는 월단위 일계산 후취

약정납입일이 경과되면 연체이자가 부과되며, 대출만기일이 경과하거나 이자를 납입하여야 할 때부터 2개월간 지체한 때, 분할상환원(리)금의  
   납입을 3회 이상 연속하여 지체한 때에는 대출잔액에 대하여 연체이자가 부과됩니다. 또한, 원리금 연체시 계약만기 전에 모든 원리금의
   변제의무가 발생할 수 있습니다.

연체이자율은 대출이자율에 연 3%의 연체가산을 더하며, 최고 연체이자율은 연 15%입니다. 다만, 대출이자율이 15% 이상인 경우 대출이자율
    에 연2%를 더하여 적용합니다.

상환능력에 비해 대출금, 신용카드 사용액이 과도할 경우 개인신용평점 하락과 금융거래와 관련된 불이익이 발생할 수 있습니다.

이 상품은 KB국민은행 개인여신부(P)에서 개발한 상품입니다. 기타 자세한 내용은 영업점 직원 또는 KB국민은행 고객센터(☎1588-9999)에 문의하시거나 KB국민은행 홈페이지(www.kbstar.com)를 참조하여 주시기 바랍니다. 또한 대출계약을 체결하기 전에 상품설명서 및 약관을 읽어보시기 바랍니다.

이 안내장은 은행 이용자의 상품에 대한 이해를 돕고 약관의 중요내용을 알려드리기 위한 참고자료이며, 실제 상품의 계약은 대출거래약정서, 
   여신거래기본약관 등의 적용을 받습니다. 약관은 창구 및 KB국민은행 홈페이지(www.kbstar.com : 전체서비스 → 고객센터 → 서식/약관/
   설명서)에서 교부 및 열람이 가능합니다.

[준법감시인 심의필 제2024-6049-83호(2025.01.06)]","대상 부동산에 근저당권 설정
주택금융신용보증서 및 모기지신용보험은 대상자 담보 요건 등을 감안하여 필요시 담보 취득",국민은행
담보대출,임대주택중도금대출,입주자모집공고문상 10년이내에 분양전환이 가능한 임대아파트 분양자에 대한 중도금대출,분양전환 임대아파트에 대하여 임대분양계약을 체결한 고객(총 임대분양대금의 5%이상 계약금액 전액을 납부한 고객),소요자금 이내,"대출기간: 14년(거치기간 포함) 이내에서 사업장별 승인사항에 따름(분양전환일 + 6개월 이내)상환방법: 사업자별 승인사항에 따라 원금일시상환 또는 원리금균등, 원금균등 분할상환",사업장별 승인사항에 따름(세부사항은 사업장별 별도 확인),,본 상품은 금리인하요구권 신청대상이 아닙니다.,"대출금 5천만원까지 수입인지 비용이 없으며, 5천만원 초과시 대출금액별 수입인지 비용이 차등 부과됩니다.

수입인지대금은 각 50%씩 고객과 은행이 부담하며, 근저당권설정비용 중 설정등기와 관련하여 발생하는 비용(등록면허세, 지방세,   
   등기신청수수료 및 법무사수수료)은 은행이 부담하고, 국민주택채권매입비 및 감액/말소등기와 관련하여 발생하는 비용은 고객이 부담합니다.

일반금융소비자는 은행이 계약 체결을 권유하는 경우 및 일반금융소비자가 설명을 요청하는 경우에도 중요한 사항을 이해할 수 있도록 설명받을 
   권리가 있습니다.

대출사실만으로 신용점수는 하락할 수 있으며, 금리재산정주기가 도래하거나 대출금을 기한 연장하는 경우에는 기준금리 변동, 우대금리 제공
   조건 충족여부, 신용등급 변화 등에 따라 금리가 하락 또는 상승될 수 있습니다.

대출신청인이 신용도판단정보 등록자(신용회복지원 또는 배드뱅크 포함)이거나 은행의 신용평가 결과 신용등급이 낮은 고객일 경우 대출이 
   제한될 수 있습니다.

이자는 대출기간 중 매월 이자지급일에 대출상환방법에 따라 다음과 같이 부과됩니다. 일시상환(종합통장자동대출 포함) : 일단위 일계산 후취,
   분할상환 : 월단위 월계산 또는 월단위 일계산 후취

약정납입일이 경과되면 연체이자가 부과되며, 대출만기일이 경과하거나 이자를 납입하여야 할 때부터 2개월간 지체한 때, 분할상환원(리)금의  
   납입을 3회 이상 연속하여 지체한 때에는 대출잔액에 대하여 연체이자가 부과됩니다. 또한, 원리금 연체시 계약만기 전에 모든 원리금의
   변제의무가 발생할 수 있습니다.

상환능력에 비해 대출금, 신용카드 사용액이 과도할 경우 개인신용평점 하락과 금융거래와 관련된 불이익이 발생할 수 있습니다.

이 상품은 KB국민은행 개인여신부(P)에서 개발한 상품입니다. 기타 자세한 내용은 영업점 직원 또는 고객센터(☎1588-9999)로 문의하시거나 KB국민은행 홈페이지(www.kbstar.com)를 참조하여 주시기 바랍니다. 또한 대출계약을 체결하기 전에 상품설명서 및 약관을 반드시 읽어보시기 바랍니다.

본 공시는 상품에 대한 이해를 돕고 약관의 중요내용을 알려드리기 위한 참고자료이며, 실제상품의 계약은 대출거래약정서, 여신거래기본약관 등의 적용을 받기 때문에 대출계약을 체결하기 전에 반드시 상품설명서 및 관련 약관을 읽어보시기 바랍니다. 약관은 창구 및 KB국민은행 홈페이지(www.kbstar.com:전체서비스->고객센터 -> 서식/약관/설명서)에서 교부 및 열람이 가능합니다.

[준법감시인 심의필 제2024-4942-88호 (2024.10.14)]","한국주택금융공사, 주택도시보증공사 보증서 및 서울보증보험 모기지보험(MCI) 또는 사업시행자 및 시공회사 연대입보, 대출협약서 등 사업장별 승인사항에 따름",국민은행
담보대출,KB나라사랑대출(주택자금),국가보훈부와 협약에 따라 나라를 위해 헌신한 국가유공자 등을 위한 전용 상품,무주택자로서 국가보훈부로부터 전자문서로 대출 추천을 받은 국가유공자 및 장기복무(10년이상 복무)한 제대군인 고객,"대출금액은 국가보훈부 추천금액과 대출가능금액 중 작은 금액☞ 단, 지역별/차주별 대출한도가 차등되거나 대출이 불가할 수 있음",대출기간은 대출종류에 따라 아래와 같으며 대출상환은 원리금균등분할상환방식으로 한다.,대출금리(확정금리) · 국가유공자 : 연3.0% ※ 국가유공자 중 2013.06.01 이전 주택구입/신축/아파트분양/주택전세 또는 2014.01.02 이전 아파트임대자금 대출 신규분의 경우 연3.0% 적용 ※ 국가유공자 중 2013.06.02부터 2020.08.03이전 주택구입/신축/아파트분양/주택전세 또는 2014.01.03부터 2020.08.03이전 아파트임대자금 대출 신규분의 경우 연2.0% 적용 ※ 국가유공자 중 2020.08.04 부터 2020.12.31 이전 주택구입/신축/아파트분양/주택전세자금 대출 신규분의 경우 연1.5% 적용 ※ 국가유공자 중 2021.01.01부터 2021.12.31 이전 주택구입/신축/아파트분양/주택전세 자금 대출신규분의 경우 1.3% 적용 ※ 국가유공자 중 2022.01.01 부터 2022.12.31 이전 주택구입/신축/아파트분양/주택전세자금 대출 신규분의 경우 연1.4% 적용 ※ 국가유공자 중 2023.01.01.부터 2023.12.31. 이전 주택구입/신축/아파트분양/주택전세자금 대출 신규분의 경우 연2.4% 적용 · 제대군인 : 연3.5% ※ 제대군인 중 2013.12.31 이전 대출신규분의 경우 연4.0%적용 ※ 제대군인중 2014.01.01 부터 2020.09.24 이전 주택구입/신축/아파트분양/주택전세/아파트임대자금 대출 신규분의 경우 연3.0% 적용 ※ 제대군인 중 2020.09.25 부터 2020.12.31 이전 주택구입/신축/아파트분양/주택전세자금 대출 신규분의 경우 연2.0% 적용 ※ 제대군인 중 2021.01.01부터 2021.12.31 이전 주택구입/신축/아파트분양/주택전세 자금 대출신규분의 경우 1.8% 적용 ※ 제대군인 중 2022.01.01 부터 2022.12.31 이전 주택구입/신축/아파트분양/주택전세자금 대출 신규분의 경우 연1.9% 적용 ※ 제대군인 중 2023.01.01.부터 2023.12.31. 이전 주택구입/신축/아파트분양/주택전세자금 대출 신규분의 경우 2.9% 적용 · 별도 우대금리 없음,,본 상품은 금리인하요구권 신청대상이 아닙니다.,"일반금융소비자는 은행이 계약 체결을 권유하는 경우 및 일반금융소비자가 설명을 요청하는 경우에도 중요한 사항을 이해할 수 있도록 설명받을 권리가 있습니다.

대출 사실만으로 신용점수는 하락할 수 있습니다.

대출신청인이 신용도판단정보 등록자(신용회복지원 또는 배드뱅크 포함)이거나 은행의 신용평가 결과 신용등급이 낮은 고객일 경우 대출이 제한될 수 있습니다.

약정납입일이 경과되면 연체이자가 부과되며, 대출만기일이 경과하거나 이자를 납입하여야 할 때부터 2개월간 지체한 때, 분할상환 원(리)금의 납입을 3회이상 연속하여 지체한 때에는 대출잔액에 대하여 연체이자가 부과됩니다. 또한, 원리금 연체 시 계약만기 전에 모든 원리금의 변제의무가 발생할 수 있습니다.

상환능력에 비해 대출금, 신용카드 사용액이 과도할 경우 개인신용평점이 하락할 수 있습니다. 개인신용평점 하락으로 금융거래와 관련된 불이익이 발생할 수 있습니다.

이 상품은 대출기간, 상환방법, 금리조건 변경이 불가합니다

이 상품은 KB국민은행 개인여신부(P)에서 개발한 상품입니다. 기타 자세한 내용은 영업점 직원 또는 고객센터(☎1588-9999)에 문의하시거나 KB국민은행 홈페이지(www.kbstar.com)를 참조하여 주시기 바랍니다.

본 공시는 상품에 대한 이해를 돕고 약관의 중요내용을 알려드리기 위한 참고자료이며, 실제 상품의 계약은 대출거래약정서, 여신거래기본약관 등의 적용을 받기 때문에 대출계약을 체결하기 전에 반드시 상품설명서 및 관련 약관을 읽어보시기 바랍니다. 약관은 창구 및 KB국민은행 홈페이지(www.kbstar.com : 전체서비스 → 고객센터 → 서식/약관/설명서)에서 교부 및 열람이 가능합니다.

[준법감시인 심의필 제2024-3067-2호(2024.06.28)]","주택구입(신축)자금은 해당 주택 및 토지를 담보로 제공해야 합니다.아파트분양자금대출은 국가보훈부의 추천 방법에 따라 무보증신용 “후취담보(소유권이전 후 담보 취득)조건”으로 취급할 수 있습니다.☞ 최초분양이 아닌 아파트분양권을 구입한 경우에는 분양계약서 상 “잔금”으로 신청가능☞ 당행에서 집단중도금대출 취급 승인을 받은 사업장에 대해서만 “회차별 중도금” 납입을 위한 대출 신청 가능하며 집단중도금대출 취급 승인이 되지 않은 사업장에 대해서는 분양계약서 상의 “잔금”부분을 소요자금으로 대출 신청하는 경우에만 취급 가능함KB나라사랑대출 구입/신축/아파트분양자금을 받고 주택을 취득하시는 고객님은 취득세 면제(또는 감면) 혜택을 받으실 수 있으며 세부내용은 국가보훈부로 문의하시기 바랍니다.(※관련법령의 개정에 따라 변경될 수 있음)주택전세자금은 국가보훈부의 추천 방법에 따라 무보증신용 또는 ""주택금융신용보증서""를 담보로 취급하며, ""주택금융신용보증서""담보로 추천된 주택전세자금에 한하여 “주택금융신용보증서”를 담보로 취급할 수 있습니다.☞ “주택금융신용보증서” 발급에 관한 사항은 한국주택금융공사의 「전세자금보증 업무처리기준」에 따르며, 당행 및 한국주택금융공사의 요건을 충족하셔야 합니다.☞ “주택금융신용보증서”를 담보로 대출 신규시 한국주택금융공사 전세자자금보증 수수료는 고객님께서 부담하셔야 하며, 대출 이용 중 보증료는 1년 단위로 납부하실 수 있습니다(대출이자 납부계좌에서 자동이체 이용 가능). 대출 상환시 고객이 부담해야 하는 비용은 없습니다.국가보훈부의 추천 방법이 무보증신용 또는 주택금융신용보증서 담보로 추천된 경우라도 부동산을 담보로 제공할 수 있습니다.",국민은행
담보대출,당타행 예부적금 등 유가증권 담보대출,"은행이 인정하는 금융기관(은행)의 예·부·적금 등 및 국채·지방채·공채, 은행발행 양도성예금증서(CD)·표지어음·환매조건부채권(RP)을 거래하는 고객이 이를 담보로 대출 실행","은행이 인정하는 금융기관(은행)의 예·부·적금 등 및 국채·지방채·공채, 은행발행 양도성예금증서(CD)·표지어음·환매조건부채권(RP)에 한하여 담보로 제공하는 고객(후순위채권, 신종자본증권은 담보로 취득할 수 없음)",‘담보평가’에서 정한 대출가능금액 이내,"담보 예금, 증권 등의 해당기일 내에서- 최장 5년 이내 분할상환- 최장 5년 이내 일시상환 또는 종합통장자동대출☞ 담보 예금, 증권 등의 해당기일 내에서 최장 10년까지 기한연장","금융채 6개월 - 기준금리 4.70, 가산금리 2.11
금융채 12개월 - 기준금리 4.77, 가산금리 2.11
금융채 24개월 - 기준금리 4.87, 가산금리 2.11
금융채 36개월 - 기준금리 4.96, 가산금리 2.05
금융채 60개월 - 기준금리 5.09, 가산금리 2.11",,본 상품은 금리인하요구권 신청대상이 아닙니다.,"대출금 5천만원까지 수입인지 비용이 없으며, 5천만원 초과시 대출금액별 수입인지 비용이 차등 부과됩니다.

수입인지대금은 각 50%씩 고객과 은행이 부담하며, 근저당권설정비용 중 설정등기와 관련하여 발생하는 비용(등록면허세, 지방세,   
   등기신청수수료 및 법무사수수료)은 은행이 부담하고, 국민주택채권매입비 및 감액/말소등기와 관련하여 발생하는 비용은 고객이 부담합니다.

일반금융소비자는 은행이 계약 체결을 권유하는 경우 및 일반금융소비자가 설명을 요청하는 경우에도 중요한 사항을 이해할 수 있도록 설명받을 
   권리가 있습니다.

이자는 대출기간 중 매월 이자지급일에 대출상환방법에 따라 다음과 같이 부과됩니다. 일시상환(종합통장자동대출 포함) : 일단위 일계산 후취, 분할상환 : 월단위 월계산 또는 월단위 일계산 후취

이 상품은 KB국민은행 개인여신부(P)에서 개발한 상품입니다.
대출사실만으로 신용점수는 하락할 수 있으며, 금리재산정주기가 도래하거나 대출금을 기한 연장하는 경우에는 기준금리 변동, 우대금리 제공
   조건 충족여부, 신용등급 변화 등에 따라 금리가 하락 또는 상승될 수 있습니다.
대출신청인이 신용도판단정보 등록자(신용회복지원 또는 배드뱅크 포함)이거나 은행의 신용평가 결과 신용등급이 낮은 고객일 경우 대출이 
   제한될 수 있습니다.
약정납입일이 경과되면 연체이자가 부과되며, 대출만기일이 경과하거나 이자를 납입하여야 할 때부터 2개월간 지체한 때, 분할상환원(리)금의  
   납입을 3회 이상 연속하여 지체한 때에는 대출잔액에 대하여 연체이자가 부과됩니다. 또한, 원리금 연체시 계약만기 전에 모든 원리금의
   변제의무가 발생할 수 있습니다.
상환능력에 비해 대출금, 신용카드 사용액이 과도할 경우 개인신용평점 하락과 금융거래와 관련된 불이익이 발생할 수 있습니다.
기타 자세한 내용은 영업점 직원 또는 고객센터(☎1588-9999)에 문의하시거나 KB국민은행 홈페이지(www.kbstar.com)를 참조하여
   주시기 바랍니다. 또한 대출계약을 체결하기 전에 상품설명서 및 약관을 읽어보시기 바랍니다.
이 안내장은 은행 이용자의 상품에 대한 이해를 돕고 약관의 중요내용을 알려드리기 위한 참고자료이며, 실제 상품의 계약은 대출거래약정서, 
   여신거래기본약관 등의 적용을 받습니다. 약관은 창구 및 KB국민은행 홈페이지(www.kbstar.com : 전체서비스 → 고객센터 → 서식/약관/
   설명서)에서 교부 및 열람이 가능합니다.

대출사실만으로 신용점수는 하락할 수 있으며, 금리재산정주기가 도래하거나 대출금을 기한 연장하는 경우에는 기준금리 변동, 우대금리 제공
   조건 충족여부, 신용등급 변화 등에 따라 금리가 하락 또는 상승될 수 있습니다.

대출신청인이 신용도판단정보 등록자(신용회복지원 또는 배드뱅크 포함)이거나 은행의 신용평가 결과 신용등급이 낮은 고객일 경우 대출이 
   제한될 수 있습니다.

약정납입일이 경과되면 연체이자가 부과되며, 대출만기일이 경과하거나 이자를 납입하여야 할 때부터 2개월간 지체한 때, 분할상환원(리)금의  
   납입을 3회 이상 연속하여 지체한 때에는 대출잔액에 대하여 연체이자가 부과됩니다. 또한, 원리금 연체시 계약만기 전에 모든 원리금의
   변제의무가 발생할 수 있습니다.

상환능력에 비해 대출금, 신용카드 사용액이 과도할 경우 개인신용평점 하락과 금융거래와 관련된 불이익이 발생할 수 있습니다.

기타 자세한 내용은 영업점 직원 또는 고객센터(☎1588-9999)에 문의하시거나 KB국민은행 홈페이지(www.kbstar.com)를 참조하여
   주시기 바랍니다. 또한 대출계약을 체결하기 전에 상품설명서 및 약관을 읽어보시기 바랍니다.

이 안내장은 은행 이용자의 상품에 대한 이해를 돕고 약관의 중요내용을 알려드리기 위한 참고자료이며, 실제 상품의 계약은 대출거래약정서, 
   여신거래기본약관 등의 적용을 받습니다. 약관은 창구 및 KB국민은행 홈페이지(www.kbstar.com : 전체서비스 → 고객센터 → 서식/약관/
   설명서)에서 교부 및 열람이 가능합니다.

[준법감시인 심의필 제2023-1627-6호 (2023.04.27)]","예·부·적금, 유가증권 등",국민은행
담보대출,KB 분할상환 모기지론,변동금리 적용 주택담보대출,주택을 담보로 대출 신청하는 고객(주택구입/신축/경락주택 구입자금대출),"담보조사 가격 및 소득금액, 담보물건지 지역 등에 따른 대출 가능금액 이내","대출기간 : 최소 3년 이상 최장 30년 이내 (12개월 변동주기는 최장 35년 이내)☞ 거치기간 불가능
상환방법 : 원(리)금 균등 분할상환","신규COFIX 6개월 (0.81) - 최저 2.63, 최고 3.83
신규COFIX 12개월 (0.81) - 최저 2.58, 최고 3.78
신잔액COFIX 6개월 (1.11) - 최저 2.85, 최고 4.05
신잔액COFIX 12개월 (1.11) - 최저 2.80, 최고 4.00","중도상환원금 x 수수료율(1.2%) x 잔존일수 ÷ 대출기간 (당초 대출일로부터 최장 3년까지 부과)☞ 단, 금리변동주기 또는 고정금리기간이 3년 이상이거나 금리변동주기와 대출기간(기한연장의 경우 연장기간)이 동일한 경우 수수료율(1.4%) 적용☞ 대출개시일로부터 매년 당초 대출금액의 10% 이내 원금 상환시에는 면제","본 상품은 금리인하요구권 신청이 가능합니다. 단, 은행의 심사결과에 따라 금리인하 요청이 반영되지 않을 수도 있습니다.",,"대상 주택 및 토지에 근저당권 설정(후순위 설정 가능)
주택금융신용보증서(MCG) 및 모기지신용보험(MCI)은 대상자 담보 요건 등을 감안하여 필요시 담보취득",국민은행
담보대출,한국주택금융공사 U-보금자리론,한국주택금융공사가 사전에 양수 적격 여부를 심사하여 고객의 대출금리를 낮춘 장기 고정금리 상품으로 향후 금리 변동의 위험을 피하고자 하는 고객에게 적합한 상품,"민법상 성년으로 무주택자(채무자와 배우자 기준)로서 부부합산 연소득이 7천만원 이하인 대한민국 국민, 주민등록을 한 재외국민 및 외국국적동포
 단, 아래의 경우 해당 소득 금액 이내로 적용하며, 전세사기 피해자는 소득제한 없음
ㅇ 신혼가구 : 85백만원
ㅇ 1자녀가구 : 80백만원
ㅇ 2자녀가구 : 90백만원
ㅇ 다자녀가구 : 1억원
☞ 전세사기피해자 중 전세사기 피해주택을 처분조건부로 대출을 신청한 경우 일시적 2주택자도 취급 가능","
- 3.6억원(다자녀가구·전세사기피해자 4억원, 생애최초 주택구입자 4.2억원) 이내 (1백만원 단위)
ㅇ 주택유형과 신용등급, 담보물건지 지역 등에 따라 담보평가금액의 최대 70%까지 대출
ㅇ 생애최초 주택구입자는 최대 80%까지 대출","
- 대출기간 : 10년,15년,20년,30년,40년,50년 (거치기간 없음)
- 매월 원금균등, 원리금균등, 체증식 분할상환
※ 대출만기 40년은 만39세이하(신혼가구인 경우 만 49세 이하)인 경우 선택 가능
※ 대출만기 50년은 만34세이하(신혼가구인 경우 만 39세 이하)인 경우 선택 가능. 체증식분할상환 선택불가","기본금리 (연 4.05%) - 최저 연 4.25%, 최고 연 4.30%
최종금리 (연 3.05%~ 연 4.05%) - 최저 연 3.25%~ 연 4.25%, 최고 연 3.30%~ 연 4.30%",0.70%,본 상품은 금리인하요구권 신청대상이 아닙니다.,"일반금융소비자는 은행이 계약 체결을 권유하는 경우 및 일반금융소비자가 설명을 요청하는 경우에도 중요한 사항을 이해할 수 있도록 설명받을 권리가 있습니다.

본 상품은 한국주택금융공사와의 업무협약에 의해 대출취급 후 공사로 양도되는 자산유동화목적 대출상품입니다.

본 대출 취급 후 금리조건변경 및 기한연장 취급이 불가하며, 금리하락시 변동금리 상품에 비해 불리할 수도 있으므로 유의하시기 바랍니다.

대출신청인이 신용도판단정보 등록자(신용회복지원 또는 배드뱅크 포함)이거나 은행의 신용평가 결과 신용등급이 낮은 고객일 경우 대출이 제한될 수 있습니다.

대출 사실만으로 신용점수는 하락할 수 있습니다.

상환능력에 비해 대출금, 신용카드 사용액이 과도할 경우 개인신용평점 하락할 수 있으며, 개인신용평점 하락으로  금융거래와 관련된 불이익이 발생할 수 있습니다. 또한 대출 취급 후 일정 기간 납부해야 할 원리금이 연체될 경우, 계약만료 기한이 도래하기 전에 모든 원리금을 변제해야 할 의무가 발생할 수 있습니다.

약정 납입일이 경과되면 연체이자가 부과되며, 대출만기일이 경과하거나 이자를 납입하여야 할 때부터 2개월간 지체한 때, 분할상환원(리)금의 납입을 3회 이상 연속하여 지체한 때에는 대출잔액에 대하여 연체이자가 부과됩니다.

이 상품은 KB국민은행 개인여신부(P)에서 개발한 상품입니다. 기타 자세한 내용은 영업점 직원 또는 KB국민은행 고객센터(☎1588-9999)에  문의하시거나 KB국민은행 홈페이지(www.kbstar.com)를 참조하여 주시기 바랍니다.

본 공시는 상품에 대한 이해를 돕고 약관의 중요내용을 알려드리기 위한 참고자료이며, 실제상품의 계약은 대출거래약정서, 여신거래기본약관 등의 적용을 받기 때문에 대출계약을 체결하기 전에 반드시 상품설명서 및 관련 약관을 읽어보시기 바랍니다.

[준법감시인 심의필 제2024-4720-4호(2024.09.27)]",,국민은행
담보대출,장애인자립자금대출,"보건복지부 선정 성년 등록장애인 대상 가계안정자금대출 지원
신용대출 또는 담보대출로 신청 가능",거주지 구청장으로부터 융자추천을 받은 성년등록장애인- 융자추천은「복지대상자 자금대여 결정통지서」로 확인,"신용대출 : 무보증 최고 1천2백만원 이내(연대보증인 입보시 최고 2천만원 이내)
담보대출 : 최대 5천만원 이내※ 융자추천금액 이내",5년 거치 후 5년 원금균등분할상환,확정금리 연 3.0%,면제,본 상품은 금리인하요구권 신청대상이 아닙니다.,"대출금 5천만원까지 수입인지 비용이 없으며, 5천만원 초과시 대출금액별 수입인지 비용이 차등 부과됩니다.

수입인지대금은 각 50%씩 고객과 은행이 부담하며, 근저당권설정비용 중 설정등기와 관련하여 발생하는 비용(등록면허세, 지방세,   
   등기신청수수료 및 법무사수수료)은 은행이 부담하고, 국민주택채권매입비 및 감액/말소등기와 관련하여 발생하는 비용은 고객이 부담합니다.

일반금융소비자는 은행이 계약 체결을 권유하는 경우 및 일반금융소비자가 설명을 요청하는 경우에도 중요한 사항을 이해할 수 있도록 설명받을 
   권리가 있습니다.

대출사실만으로 신용점수는 하락할 수 있으며, 금리재산정주기가 도래하거나 대출금을 기한 연장하는 경우에는 기준금리 변동, 우대금리 제공
   조건 충족여부, 신용등급 변화 등에 따라 금리가 하락 또는 상승될 수 있습니다.

대출신청인이 신용도판단정보 등록자(신용회복지원 또는 배드뱅크 포함)이거나 은행의 신용평가 결과 신용등급이 낮은 고객일 경우 대출이 
   제한될 수 있습니다.

약정납입일이 경과되면 연체이자가 부과되며, 대출만기일이 경과하거나 이자를 납입하여야 할 때부터 2개월간 지체한 때, 분할상환원(리)금의  
   납입을 3회 이상 연속하여 지체한 때에는 대출잔액에 대하여 연체이자가 부과됩니다. 또한, 원리금 연체시 계약만기 전에 모든 원리금의
   변제의무가 발생할 수 있습니다.

상환능력에 비해 대출금, 신용카드 사용액이 과도할 경우 개인신용평점 하락과 금융거래와 관련된 불이익이 발생할 수 있습니다.

기타 자세한 내용은 영업점 직원 또는 스마트상담부(☎1588-9999)에 문의하시거나 KB국민은행 홈페이지(www.kbstar.com)를 참조하여
   주시기 바랍니다. 또한 대출계약을 체결하기 전에 상품설명서 및 약관을 읽어보시기 바랍니다.

이 안내장은 은행 이용자의 상품에 대한 이해를 돕고 약관의 중요내용을 알려드리기 위한 참고자료이며, 실제 상품의 계약은 대출거래약정서, 
   여신거래기본약관 등의 적용을 받습니다. 약관은 창구 및 KB국민은행 홈페이지(www.kbstar.com : 전체서비스 → 고객센터 → 서식/약관/
   설명서)에서 교부 및 열람이 가능합니다.

[준법감시인 심의필 제2021-0696-80호 (2021.4.5)]","신용대출 : 무보증 또는 연대보증인 입보
담보대출 : 부동산",국민은행
담보대출,법인 예금담보 임직원대출,직원복지 및 우리사주 취득 자금이 필요한 법인의 임직원에게 저금리 대출 제공,KB 국민은행과 협약을 체결한 법인이 추천한 임직원,법인 예금담보 제공 범위 이내에서 법인이 추천한 금액☞법인이 담보로 제공한 정기예금의 95% 이내,"대출기간 : 법인 정기예금의 만기일 이내
상환방법 : 일시상환(일단위 일계산 후취)※ 통장자동대출(한도거래)불가",수신금리연동 적용 - 대출금액 5억 이하 : 수신금리 + 연 1.25%p - 대출금액 5억 초과 : 수신금리 + 연 1.00%p ※대출금액은 대출 건별 기준,면제,본 상품은 금리인하요구권 신청대상이 아닙니다.,"대출금 5천만원까지 수입인지 비용이 없으며, 5천만원 초과시 대출금액별 수입인지 비용이 차등 부과됩니다.

수입인지대금은 각 50%씩 고객과 은행이 부담하며, 근저당권설정비용 중 설정등기와 관련하여 발생하는 비용(등록면허세, 지방세,   
   등기신청수수료 및 법무사수수료)은 은행이 부담하고, 국민주택채권매입비 및 감액/말소등기와 관련하여 발생하는 비용은 고객이 부담합니다.

일반금융소비자는 은행이 계약 체결을 권유하는 경우 및 일반금융소비자가 설명을 요청하는 경우에도 중요한 사항을 이해할 수 있도록 설명받을 
   권리가 있습니다.

이자는 대출기간 중 매월 이자지급일에 대출상환방법에 따라 다음과 같이 부과됩니다. 일시상환(종합통장자동대출 포함) : 일단위 일계산 후취, 분할상환 : 월단위 월계산 또는 월단위 일계산

대출사실만으로 신용점수는 하락할 수 있으며, 금리재산정주기가 도래하거나 대출금을 기한 연장하는 경우에는 기준금리 변동, 우대금리 제공
   조건 충족여부, 신용등급 변화 등에 따라 금리가 하락 또는 상승될 수 있습니다.

대출신청인이 신용도판단정보 등록자(신용회복지원 또는 배드뱅크 포함)이거나 은행의 신용평가 결과 신용등급이 낮은 고객일 경우 대출이 
   제한될 수 있습니다.

약정납입일이 경과되면 연체이자가 부과되며, 대출만기일이 경과하거나 이자를 납입하여야 할 때부터 2개월간 지체한 때, 분할상환원(리)금의  
   납입을 3회 이상 연속하여 지체한 때에는 대출잔액에 대하여 연체이자가 부과됩니다. 또한, 원리금 연체시 계약만기 전에 모든 원리금의
   변제의무가 발생할 수 있습니다.

상환능력에 비해 대출금, 신용카드 사용액이 과도할 경우 개인신용평점 하락과 금융거래와 관련된 불이익이 발생할 수 있습니다.

이 상품은 KB국민은행 개인여신부(P)에서 개발한 상품입니다. 기타 자세한 내용은 영업점 직원 또는 KB국민은행 고객센터(☎1588-9999)에 문의하시거나 KB국민은행 홈페이지(www.kbstar.com)를 참조하여 주시기 바랍니다. 또한 대출계약을 체결하기 전에 상품설명서 및 약관을 읽어보시기 바랍니다.

이 안내장은 은행 이용자의 상품에 대한 이해를 돕고 약관의 중요내용을 알려드리기 위한 참고자료이며, 실제 상품의 계약은 대출거래약정서, 
   여신거래기본약관 등의 적용을 받습니다. 약관은 창구 및 KB국민은행 홈페이지(www.kbstar.com : 전체서비스 → 고객센터 → 서식/약관/
   설명서)에서 교부 및 열람이 가능합니다.

[준법감시인 심의필 제2023-1627-7호 (2023.04.27)]",당행 정기예금 담보(국민수퍼정기예금 고정금리형 만기일시지급식에 한함),국민은행
담보대출,KB 경락주택구입자금대출,"기존 국민은행 거래 실적과 관계없이 신속하게 대출 취급
경락대금 납입을 지원하는 대출",경매 또는 공매주택 매각(경락)허가 결정을 얻은 분으로서 은행에서 정한 소정의 자격자,"소요자금의 100%와 담보조사가격의 70%범위내에서 담보평가 및 소득금액, 담보물건지 지역 등에 따른 대출처리시스템에서 평가한 대출가능금액 중 작은금액",,"금융채6개월 (2.64) - 최저 3.69, 최고 5.19
금융채12개월 (2.57) - 최저 3.60, 최고 5.10
신규COFIX6개월 (2.84) - 최저 4.09, 최고 5.59
신규COFIX12개월 (2.84) - 최저 4.04, 최고 5.54
잔액COFIX6개월 (3.30) - 최저 4.54, 최고 6.04
잔액COFIX12개월 (3.30) - 최저 4.67, 최고 6.17
신잔액COFIX6개월 (2.80) - 최저 4.39, 최고 5.89
신잔액COFIX12개월 (2.80) - 최저 4.51, 최고 6.01","중도상환원금 x 수수료율(1.2%) x 잔존일수 ÷ 대출기간 (당초 대출일로부터 최장 3년까지 부과)☞ 단, 금리변동주기 또는 고정금리기간이 3년 이상이거나 금리변동주기와 대출기간(기한연장의 경우 연장기간)이 동일한 경우 수수료율(1.4%) 적용☞ 대출개시일로부터 매년 당초 대출금액의 10% 이내 원금 상환시에는 면제","본 상품은 금리인하요구권 신청이 가능합니다. 단, 은행의 심사결과에 따라 금리인하 요청이 반영되지 않을 수도 있습니다.",,,국민은행
담보대출,FOR YOU 장기대출,일정기간[5년] 동안 고정금리 적용 이후 변동금리 적용 주택담보대출,주택을 담보로 대출 신청하는 고객(주택구입/신축/경락주택 구입자금대출 및 통장자동대출 포함,"담보조사 가격의 70% 범위 내에서 담보평가 및 소득금액, 담보물건지 지역 등에 따른 대출가능금액 이내",원금·원리금균등 분할상환 : 최저15년 이상 최장 35년이내,"금융채6개월 (2.64) - 최저 3.69, 최고 5.19
금융채12개월 (2.57) - 최저 3.60, 최고 5.10
금융채5년 (2.68) - 최저 3.43, 최고 4.93","중도상환원금 x 수수료율(1.2%) x 잔존일수 ÷ 대출기간 (당초 대출일로부터 최장 3년까지 부과)☞ 단, 금리변동주기 또는 고정금리기간이 3년 이상이거나 금리변동주기와 대출기간(기한연장의 경우 연장기간)이 동일한 경우 수수료율(1.4%) 적용☞ 대출개시일로부터 매년 당초 대출금액의 10% 이내 원금 상환시에는 면제","본 상품은 금리인하요구권 신청이 가능합니다. 단, 은행의 심사결과에 따라 금리인하 요청이 반영되지 않을 수도 있습니다.","대출금 5천만원까지 수입인지 비용이 없으며, 5천만원 초과시 대출금액별 수입인지 비용이 차등 부과됩니다

수입인지대금은 각 50%씩 고객과 은행이 부담하며, 근저당권설정비용 중 설정등기와 관련하여 발생하는 비용(등록면허세, 지방세, 등기신청수수료 및 법무사수수료)은 은행이 부담하고 국민주택채권매입비 및 감액/말소등기와 관련하여 발생하는 비용은 고객이 부담합니다.

대출신청인이 신용도 판단 정보 등록자(신용회복지원 또는 배드뱅크 포함)이거나 은행의 신용평가 결과 신용등급이 낮은 고객일 경우 대출취급이 제한 될 수 있습니다.

약정납입일이 경과되면 연체이자가 부과되며, 대출만기일이 경과하거나 이자를 납입하여야 할 때부터 2개월간 지체한 때, 분할상환 원(리)금의 납입을  3회 이상 연속하여 지체한 때에는 대출잔액에 대하여 연체이자가 부과됩니다

금리재산정주기가 도래시 고객님의 거래실적, 우대금리 제공조건 충족여부, 신용등급 변화 등에 따라 금리가 하락 또는 상승될 수 있습니다.

기타 자세한 내용은 창구직원 또는 스마트상담부(☎1588-9999)로 문의하시거나 KB국민은행 홈페이지(www.kbstar.com) 또는 상품설명서를 반드시 참조하시기 바랍니다.

[준법감시인 심의필 제2020-1890-3호(2020.09.21)]","대상 주택 및 토지에 근저당권 설정(후순위 설정 가능)
주택금융신용보증서 및 모기지신용보험은 대상자 담보 요건 등을 감안하여 필요시 담보 취득",국민은행
담보대출,KB내집연금 연계대출,「KB골든라이프 공사주택연금론(주담대전환형)」으로 기존 주택담보대출을 전환하는 고객 중 상환자금이 부족한 고객을 지원하는 대출 상품,「KB골든라이프 공사주택연금론(주담대전환형)」을 신청하고 해당 대출만으로 기존 주택담보대출을 전액상환하기에는 자금이 부족하여 추가 대출이 필요한 고객※서울보증보험(주)의 개인금융신용보험증권 발급이 가능한 고객,서울보증보험(주)의 보증한도 이내에서 최대 1천만원까지※최종 대출가능금액은 한국주택금융공사에서 발급한 「KB골든라이프 공사주택연금론」보증서 상의 주택가격 및 월지급금(연금) 등에 따라 결정됩니다.,"대출기간 : 최저 1년 ~ 최장 10년 이내 연 단위(거치기간 없음)☞ 대출기간 선택 시 대출만기일은 고객 연령 만 85세 이내에서 가능
상환방법 : 원리금균등 분할상환(월단위 월계산)☞ 매월 분할상환 원리금은 「KB골든라이프 공사주택연금론」의 월지급금(연금)의 80% 이내","6개월 변동 - 기준금리 연 3.53%, 가산금리 연 2.25%p",면제,"본 상품은 금리인하요구권 신청이 가능합니다. 단, 은행의 심사결과에 따라 금리인하 요청이 반영되지 않을 수도 있습니다.",,서울보증보험(주) 보험증권,국민은행
담보대출,KB 그린리모델링 협약대출(가계),"주택소유주가 에너지 성능 개선 공사비를 은행에서 대출 받은 뒤 정부로부터 이자지원을 받는 대출상품
주택소유주가 「그린리모델링 사업자」를 선정하여 「그린리모델링 창조센터」로 사업신청 후 사업이(리모델링 공사)완료되면 사업(변경)확인서 및 사업완료 확인서를 발급 받아 은행에 대출신청(사업완료 후 3개월 초과시 대출신청불가)※ 그린리모델링 창조센터 : 접수문의 연락처 1588-8788,, 홈페이지 www.greenremodeling.or.kr",「그린리모델링 창조센터」로부터 '사업(변경)확인서 및 사업완료 확인서'를 발급받은 만 19세 이상 주택소유자로서 KB국민은행 대출심사기준을 통과하고 '주택금융신용보증서'가 발급되는 고객,"공동주택(1호당)은 최소 3백만원 이상 최대 3천만원 이내, 공동주택 이외 주택(1호당)은 최소 3백만원 이상 최대 1억원 이내 대출신청 가능(10만원 단위)※ 단, '공사비', 「그린리모델링 창조센터」의 '이자지원 대상금액' 및 '주택금융신용보증서 발급 가능금액' 중 작은금액 이내에서 대출신청 가능","대출기간 : 1년 이상 5년 이내(연 단위)
상환방법 : 원금균등 분할상환(거치기간 운용 불가)","고정금리 (연 1.70%) - 최저 연 2.67% ~3.57%, 최고 최저 연 1.0%p~최고 연 5.0%p*에너지성능개

선비율등에 따라차등
신규COFIX - 기준금리 6개월변동, 가산금리 연 1.85%
12개월변동 - 기준금리 연 1.85%, 가산금리 연 2.56%p
잔액COFIX - 기준금리 6개월변동, 가산금리 연 2.00%
12개월변동 - 기준금리 연 2.00%, 가산금리 연 2.52%p","중도상환원금 x 수수료율(0.59%) x 잔존일수 ÷ 대출기간 (당초 대출일로부터 최장 3년까지 부과)☞ 단, 금리변동주기 또는 고정금리기간이 3년 이상이거나 금리변동주기와 대출기간(기한연장의 경우 연장기간)이 동일한 경우 수수료율(0.79%) 적용☞ 대출개시일로부터 매년 당초 대출금액의 10% 이내 원금 상환시에는 면제※ 국토교통부와 협약에 따라, 2021.2.26일 이후 사업확인서 발급된 대출취급건의 경우, 고객에게 중도상환수수료를 부과하지 않음 (단, 정부 정책 변경시 변경될 수 있음)",본 상품은 금리인하요구권 신청대상이 아닙니다.,"대출금 5천만원까지 수입인지 비용이 없으며, 5천만원 초과시 대출금액별 수입인지 비용이 차등 부과됩니다.

수입인지대금은 각 50%씩 고객과 은행이 부담하며, 근저당권설정비용 중 설정등기와 관련하여 발생하는 비용(등록면허세, 지방세,   
   등기신청수수료 및 법무사수수료)은 은행이 부담하고, 국민주택채권매입비 및 감액/말소등기와 관련하여 발생하는 비용은 고객이 부담합니다.

일반금융소비자는 은행이 계약 체결을 권유하는 경우 및 일반금융소비자가 설명을 요청하는 경우에도 중요한 사항을 이해할 수 있도록 설명받을 
   권리가 있습니다.

대출사실만으로 신용점수는 하락할 수 있으며, 금리재산정주기가 도래하거나 대출금을 기한 연장하는 경우에는 기준금리 변동, 우대금리 제공
   조건 충족여부, 신용등급 변화 등에 따라 금리가 하락 또는 상승될 수 있습니다.

대출신청인이 신용도판단정보 등록자(신용회복지원 또는 배드뱅크 포함)이거나 은행의 신용평가 결과 신용등급이 낮은 고객일 경우 대출이 
   제한될 수 있습니다.

약정납입일이 경과되면 연체이자가 부과되며, 대출만기일이 경과하거나 이자를 납입하여야 할 때부터 2개월간 지체한 때, 분할상환원(리)금의  
   납입을 3회 이상 연속하여 지체한 때에는 대출잔액에 대하여 연체이자가 부과됩니다. 또한, 원리금 연체시 계약만기 전에 모든 원리금의
   변제의무가 발생할 수 있습니다.

상환능력에 비해 대출금, 신용카드 사용액이 과도할 경우 개인신용평점 하락과 금융거래와 관련된 불이익이 발생할 수 있습니다.

이자는 대출기간 중 매월 이자지급일에 대출상환방법에 따라 다음과 같이 부과됩니다. 일시상환(종합통장자동대출 포함) : 일단위 일계산 후취, 분할상환 : 월단위 월계산 또는 월단위 일계산 후취

이 상품은 KB국민은행 개인여신부(P)에서 개발한 상품입니다. 기타 자세한 내용은 영업점 직원 또는 KB국민은행 고객센터(☎1588-9999)에 문의하시거나 KB국민은행 홈페이지(www.kbstar.com)를 참조하여 주시기 바랍니다. 또한 대출계약을 체결하기 전에 상품설명서 및 약관을 읽어보시기 바랍니다.

이 안내장은 은행 이용자의 상품에 대한 이해를 돕고 약관의 중요내용을 알려드리기 위한 참고자료이며, 실제 상품의 계약은 대출거래약정서, 
   여신거래기본약관 등의 적용을 받습니다. 약관은 창구 및 KB국민은행 홈페이지(www.kbstar.com : 전체서비스 → 고객센터 → 서식/약관/
   설명서)에서 교부 및 열람이 가능합니다.

[준법감시인 심의필 제2025-0136-5호 (2025.01.13)]",주택금융신용보증서 담보,국민은행
담보대출,KB 골든라이프 주택연금론,없음,"만 40세 이상인 고객으로 본인소유(배우자 공동소유 포함)의 주거용주택을 전액 담보 제공하는 개인단, 만 55 세 미만 고객의 경우, 대출신청 접수일 기준 실직 또는 폐업 관련 증빙서류 제출시 가능","담보조사 가격 및 담보물건지 지역 등에 따른 대출가능금액(최대 10억원) 이내로 하고,대출금의 범위는 다음과 같다.(1) 매월 연금방식으로 지급하는 월지급금(연금지급기간 이내)(2) 의료비, 관혼상제비, 교육비 등 수요시 월지급금의 10배 이내에서 지급하는 개별(특별)인출금(3) ‘(1)~(2)’까지 대출금 잔액에 대한 대출이자금액※ ‘(1)~(2)’를 합산하여 연간(1.1~12.31) 1억원 이내에서 지급 가능※ ‘(1)’은 대출시작일로부터 매 5 년 단위로 재계산하며, 재계산시점 대출금리에 따라 증가 또는 감소함※ 개별(특별)인출금 신청, 주택가격의 하락, 대출금리의 상승 등에 따라 연금지급기간이 단축될 수  있음","대출기간 : 최소 10년 이상 최장 30년 이내에서 5년 단위로 산정
상환방법 : 만기일시상환 방식","신규COFIX12개월 (2.84) - 최저 4.59, 최고 5.49",,"본 상품은 금리인하요구권 신청이 가능합니다. 단, 은행의 심사결과에 따라 금리인하 요청이 반영되지 않을 수도 있습니다.","출금 5천만원까지 수입인지 비용이 없으며, 5천만원 초과시 대출금액별 수입인지 비용이 차등 부과됩니다.
수입인지대금은 각 50%씩 고객과 은행이 부담하며, 근저당권설정비용 중 설정등기와 관련하여 발생하는 비용(등록면허세, 지방세, 등기신청수수료 및 법무사수수료)은 은행이 부담하고, 국민주택채권매입비 및 감액/말소등기와 관련하여 발생하는 비용은 고객이 부담합니다.
금융소비자는 해당상품 또는 서비스에 대하여 설명받을 권리가 있습니다.
대출사실만으로 신용점수는 하락할 수 있으며, 금리재산정주기가 도래하거나 대출금을 기한 연장하는 경우에는 기준금리 변동, 우대금리 제공 조건 충족여부, 신용등급 변화 등에 따라 금리가 하락 또는 상승될 수 있습니다.
대출신청인이 신용도판단정보 등록자(신용회복지원 또는 배드뱅크 포함)이거나 은행의 신용평가 결과 신용등급이 낮은 고객일 경우 대출이 제한될 수 있습니다.
이자는 대출기간 중 매월 이자지급일에 대출상환방법에 따라 다음과 같이 부과됩니다. 일시상환(종합통장자동대출 포함) : 일단위 일계산 후취, 분할상환 : 월단위 월계산 또는 월단위 일계산 후취
약정납입일이 경과되면 연체이자가 부과되며, 대출만기일이 경과하거나 이자를 납입하여야 할 때부터 2개월간 지체한 때, 분할상환원(리)금의 납입을 3회 이상 연속하여 지체한 때에는 대출잔액에 대하여 연체이자가 부과됩니다. 또한, 원리금 연체시 계약만기 전에 모든 원리금의 변제의무가 발생할 수 있습니다.
연체이자율은 대출이자율에 연 3%의 연체가산을 더하며, 최고 연체이자율은 연 15%입니다. 다만, 대출이자율이 15% 이상인 경우 대출이자율 에 연2%를 더하여 적용합니다.
상환능력에 비해 대출금, 신용카드 사용액이 과도할 경우 개인신용평점 하락과 금융거래와 관련된 불이익이 발생할 수 있습니다.
이 상품은 KB국민은행 개인여신부에서 개발한 상품입니다. 기타 자세한 내용은 영업점 직원 또는 KB국민은행 고객센터(☎1588-9999)에 문의하시거나 KB국민은행 홈페이지(www.kbstar.com)를 참조하여 주시기 바랍니다. 또한 대출계약을 체결하기 전에 상품설명서 및 약관을 읽어보시기 바랍니다.
이 안내장은 은행 이용자의 상품에 대한 이해를 돕고 약관의 중요내용을 알려드리기 위한 참고자료이며, 실제 상품의 계약은 대출거래약정서, 여신거래기본약관 등의 적용을 받습니다. 약관은 창구 및 KB국민은행 홈페이지(www.kbstar.com : 전체서비스 → 고객센터 → 서식/약관/ 설명서)에서 교부 및 열람이 가능합니다.","1순위 근저당권 설정 원칙
주택금융신용보증서(MCG) 및 모기지신용보험(MCI) 활용 불가",국민은행
담보대출,오피스텔 상가에 대한 중도금(잔금)대출(준주택 포함),상업용 부동산을 분양받고자 하는 고객을 위한 대출,"오피스텔, 상가, 사무실, 노인복지주택 등을 분양 받아 분양계약서상 총 분양대금의 10% 이상을 납입한 고객
주택도시보증공사 주택자금대출보증서 담보인 경우에는 분양계약서상 총 분양대금의 5% 이상을 납입한 고객",후취담보 취득 시 예상대출가능금액 이내(분양가격ｘ담보인정비율-선순위 차감금액),"일시상환 : 최저 1년 이상 5년 이내(3개월 변동금리는 최장3년 이내)
분할상환 : 최저 1년 이상 35년 이내(3/6개월 변동금리는 최장30년 이내)(대출기간의 30% 범위내에서 최장 3년까지 거치기간 운용 가능)",사업장별 승인사항에 따름(세부사항은 사업장별 별도 확인),,본 상품은 금리인하요구권 신청대상이 아닙니다.,"대출금 5천만원까지 수입인지 비용이 없으며, 5천만원 초과시 대출금액별 수입인지 비용이 차등 부과됩니다.

수입인지대금은 각 50%씩 고객과 은행이 부담하며, 근저당권설정비용 중 설정등기와 관련하여 발생하는 비용(등록면허세, 지방세,   
   등기신청수수료 및 법무사수수료)은 은행이 부담하고, 국민주택채권매입비 및 감액/말소등기와 관련하여 발생하는 비용은 고객이 부담합니다.

일반금융소비자는 은행이 계약 체결을 권유하는 경우 및 일반금융소비자가 설명을 요청하는 경우에도 중요한 사항을 이해할 수 있도록 설명받을 
   권리가 있습니다.

대출사실만으로 신용점수는 하락할 수 있으며, 금리재산정주기가 도래하거나 대출금을 기한 연장하는 경우에는 기준금리 변동, 우대금리 제공
   조건 충족여부, 신용등급 변화 등에 따라 금리가 하락 또는 상승될 수 있습니다.

대출신청인이 신용도판단정보 등록자(신용회복지원 또는 배드뱅크 포함)이거나 은행의 신용평가 결과 신용등급이 낮은 고객일 경우 대출이 
   제한될 수 있습니다.

이자는 대출기간 중 매월 이자지급일에 대출상환방법에 따라 다음과 같이 부과됩니다. 일시상환(종합통장자동대출 포함) : 일단위 일계산 후취,
   분할상환 : 월단위 월계산 또는 월단위 일계산 후취

약정납입일이 경과되면 연체이자가 부과되며, 대출만기일이 경과하거나 이자를 납입하여야 할 때부터 2개월간 지체한 때, 분할상환원(리)금의  
   납입을 3회 이상 연속하여 지체한 때에는 대출잔액에 대하여 연체이자가 부과됩니다. 또한, 원리금 연체시 계약만기 전에 모든 원리금의
   변제의무가 발생할 수 있습니다.

상환능력에 비해 대출금, 신용카드 사용액이 과도할 경우 개인신용평점 하락과 금융거래와 관련된 불이익이 발생할 수 있습니다.

이 상품은 KB국민은행 개인여신부(P)에서 개발한 상품입니다. 기타 자세한 내용은 영업점 직원 또는 고객센터(☎1588-9999)로 문의하시거나 KB국민은행 홈페이지(www.kbstar.com)를 참조하여 주시기 바랍니다. 또한 대출계약을 체결하기 전에 상품설명서 및 약관을 반드시 읽어보시기 바랍니다.

본 공시는 상품에 대한 이해를 돕고 약관의 중요내용을 알려드리기 위한 참고자료이며, 실제상품의 계약은 대출거래약정서, 여신거래기본약관 등의 적용을 받기 때문에 대출계약을 체결하기 전에 반드시 상품설명서 및 관련 약관을 읽어보시기 바랍니다. 약관은 창구 및 KB국민은행 홈페이지(www.kbstar.com:전체서비스->고객센터 -> 서식/약관/설명서)에서 교부 및 열람이 가능합니다.

[준법감시인 심의필 제2024-4942-91호 (2024.10.14)]",사업장별 승인사항에 따름(세부사항은 사업장별 별도 확인),국민은행
담보대출,주택중도금대출,집단승인을 받지 않은 분양주택 중도금 대출 지원,분양주택 등을 매입하기 위하여 분양계약을 체결하고 분양계약서상 총 분양대금의 5%이상을 납부한 고객,"소요자금의 100% 이내에서 이미 납부한 금액을 차감한 금액 및 담보조사 가격, 소득금액, 담보물건지 지역 등에 따른 대출가능금액 중 작은 금액이내(단, 주택금융신용보증서를 이용하는 경우에는 보증서 발급가능금액 이내)","변동기준 6개월 변동금리 : 최저 1년이상 30년 이내 분할상환(일시상환 최장5년)
변동기준 12개월 및 2년/3년/5년 변동금리 : 최저 1년이상 35년 이내 분할상환(일시상환 최장5년)","금융채변동금리 (6개월변동) - 최저 최고연 1.3%p, 최고 연 5.88%~7.18%",,"본 상품은 금리인하요구권 신청이 가능합니다. 단, 은행의 심사결과에 따라 금리인하 요청이 반영되지 않을 수도 있습니다.","대출금 5천만원까지 수입인지 비용이 없으며, 5천만원 초과시 대출금액별 수입인지 비용이 차등 부과됩니다.

수입인지대금은 각 50%씩 고객과 은행이 부담하며, 근저당권설정비용 중 설정등기와 관련하여 발생하는 비용(등록면허세, 지방세,   
   등기신청수수료 및 법무사수수료)은 은행이 부담하고, 국민주택채권매입비 및 감액/말소등기와 관련하여 발생하는 비용은 고객이 부담합니다.

일반금융소비자는 은행이 계약 체결을 권유하는 경우 및 일반금융소비자가 설명을 요청하는 경우에도 중요한 사항을 이해할 수 있도록 설명받을 
   권리가 있습니다.

대출사실만으로 신용점수는 하락할 수 있으며, 금리재산정주기가 도래하거나 대출금을 기한 연장하는 경우에는 기준금리 변동, 우대금리 제공
   조건 충족여부, 신용등급 변화 등에 따라 금리가 하락 또는 상승될 수 있습니다.

대출신청인이 신용도판단정보 등록자(신용회복지원 또는 배드뱅크 포함)이거나 은행의 신용평가 결과 신용등급이 낮은 고객일 경우 대출이 
   제한될 수 있습니다.

이자는 대출기간 중 매월 이자지급일에 대출상환방법에 따라 다음과 같이 부과됩니다. 일시상환(종합통장자동대출 포함) : 일단위 일계산 후취,
   분할상환 : 월단위 월계산 또는 월단위 일계산 후취

약정납입일이 경과되면 연체이자가 부과되며, 대출만기일이 경과하거나 이자를 납입하여야 할 때부터 2개월간 지체한 때, 분할상환원(리)금의  
   납입을 3회 이상 연속하여 지체한 때에는 대출잔액에 대하여 연체이자가 부과됩니다. 또한, 원리금 연체시 계약만기 전에 모든 원리금의
   변제의무가 발생할 수 있습니다.

연체이자율은 대출이자율에 연 3%의 연체가산을 더하며, 최고 연체이자율은 연 15%입니다. 다만, 대출이자율이 15% 이상인 경우 대출이자율
    에 연2%를 더하여 적용합니다.

상환능력에 비해 대출금, 신용카드 사용액이 과도할 경우 개인신용평점 하락과 금융거래와 관련된 불이익이 발생할 수 있습니다.

이 상품은 KB국민은행 개인여신부(P)에서 개발한 상품입니다. 기타 자세한 내용은 영업점 직원 또는 고객센터(☎1588-9999)로 문의하시거나 KB국민은행 홈페이지(www.kbstar.com)를 참조하여 주시기 바랍니다. 또한 대출계약을 체결하기 전에 상품설명서 및 약관을 반드시 읽어보시기 바랍니다.

본 공시는 상품에 대한 이해를 돕고 약관의 중요내용을 알려드리기 위한 참고자료이며, 실제상품의 계약은 대출거래약정서, 여신거래기본약관 등의 적용을 받기 때문에 대출계약을 체결하기 전에 반드시 상품설명서 및 관련 약관을 읽어보시기 바랍니다. 약관은 창구 및 KB국민은행 홈페이지(www.kbstar.com:전체서비스->고객센터 -> 서식/약관/설명서)에서 교부 및 열람이 가능합니다.

[준법감시인 심의필 제2025-0136-4호 (2025.01.13)]",주택금융신용보증서를 담보로 취득함을 원칙으로 함,국민은행
담보대출,부동산 담보대출,"기존 국민은행 거래 실적과 관계없이 신속하게 대출 취급
다양한 금리조건과 상환방법",부동산을 담보로 대출 신청하는 고객,"담보조사 가격 및 소득금액, 담보물건지 지역 등에 따른 대출가능금액 이내(종합통장자동대출은 최고 3억원 이내)","변동기준 3/6개월 변동금리 : 최저 1년이상 30년 이내 분할상환(일시상환 최장5년)
변동기준 12개월 및 2년/3년/5년 변동금리 : 최저 1년이상 35년 이내 분할상환(일시상환 최장 5년)☞ 분할상환대출은 총 대출기간의 30%범위내에서 최장3년까지 거치기간 가능☞ 단, 「여신심사 선진화를 위한 모범규준」에서 정한 경우에는 비거치 또는 거치기간 1년으로 운용>","신규COFIX 6개월 (0.80) - 최저 2.66, 최고 3.56
신규COFIX 12개월 (0.80) - 최저 2.61, 최고 3.51
신잔액COFIX 6개월 (1.07) - 최저 2.85, 최고 3.75
신잔액COFIX 12개월 (1.07) - 최저 2.80, 최고 3.70","중도상환원금 x 수수료율(1.2%) x 잔존일수 ÷ 대출기간 (당초 대출일로부터 최장 3년까지 부과)☞ 단, 금리변동주기 또는 고정금리기간이 3년 이상이거나 금리변동주기와 대출기간(기한연장의 경우 연장기간)이 동일한 경우 수수료율(1.4%) 적용☞ 대출개시일로부터 매년 당초 대출금액의 10% 이내 원금 상환시에는 면제","본 상품은 금리인하요구권 신청이 가능합니다. 단, 은행의 심사결과에 따라 금리인하 요청이 반영되지 않을 수도 있습니다.",,"대상 주택 및 토지에 근저당권 설정(후순위 설정 가능)
한국주택금융공사, 주택도시보증공사 보증서 및 서울보증보험 모기지보험(MCI)은 대상자 담보 요건 등을 감안하여 필요시 담보취득",국민은행
담보대출,부동산 담보대출 채무조정 전환제도,"실직, 폐업, 질병, 상해, 자연재해 등으로 일시적 유동성이 부족한 고객에 대해 분할상환으로 전환","가계 부동산 담보대출로서 아래의 경우를 모두 충족하고, 재무적 곤란 사유를 제출하는 고객① 대출 신규일로부터 1년 이상 경과된 계좌② 대출잔액(한도거래대출은 한도약정액)이 1억원 이하인 계좌※ 주택담보대출은 주택담보대출 채무조정 전환제도 활용※ 재무적 곤란 사유재무적 곤란 사유구 분내 용실직,폐업- 대출신청일 현재 실직, 폐업(휴업)한 경우(최근 6개월 이내)기타사유- 본인 또는 가족의 질병·상해 등으로 인해 의료비 지출규모가 연소득의 10%를초과하는 경우- 본인의 사망(채무를 인수하는 경우에 한함)- 본인 거주주택에 자연재해가 발생한 경우",전환대출 신청시점의 대출잔액 범위 내,"최저 1년 이상 최장 10년 이내※ 거치기간 운용불가
상환방법: 원금균등분할상환 또는 원리금균등분할상환","신규COFIX 6개월 (3.56) - 최저 4.53, 최고 5.43
신규COFIX 12개월 (3.56) - 최저 4.68, 최고 5.58
신잔액COFIX 6개월 (3.08) - 최저 4.59, 최고 5.49
신잔액COFIX 12개월 (3.08) - 최저 4.76, 최고 5.66",면제,본 상품은 금리인하요구권 신청대상이 아닙니다.,"대출금 5천만원까지 수입인지 비용이 없으며, 5천만원 초과시 대출금액별 수입인지 비용이 차등 부과됩니다.

수입인지대금은 각 50%씩 고객과 은행이 부담하며, 근저당권설정비용 중 설정등기와 관련하여 발생하는 비용(등록면허세, 지방세, 등기신청수수료 및 법무사수수료)은 은행이 부담하고, 국민주택채권매입비 및 감액/말소등기와 관련하여 발생하는 비용은 고객이 부담합니다.

일반금융소비자는 은행이 계약 체결을 권유하는 경우 및 일반금융소비자가 설명을 요청하는 경우에도 중요한 사항을 이해할 수 있도록 설명받을 권리가 있습니다.

대출사실만으로 신용점수는 하락할 수 있으며, 금리재산정주기가 도래하거나 대출금을 기한 연장하는 경우에는 기준금리 변동, 우대금리 제공조건 충족여부, 신용등급 변화 등에 따라 금리가 하락 또는 상승될 수 있습니다.

대출신청인이 신용도판단정보 등록자(신용회복지원 또는 배드뱅크 포함)이거나 은행의 신용평가 결과 신용등급이 낮은 고객일 경우 대출이 제한될 수 있습니다.

이자는 대출기간 중 매월 이자지급일에 대출상환방법에 따라 다음과 같이 부과됩니다. 일시상환(종합통장자동대출 포함) : 일단위 일계산 후취,  분할상환 : 월단위 월계산 또는 월단위 일계산 후취

약정납입일이 경과되면 연체이자가 부과되며, 대출만기일이 경과하거나 이자를 납입하여야 할 때부터 2개월간 지체한 때, 분할상환원(리)금의 납입을 3회 이상 연속하여 지체한 때에는 대출잔액에 대하여 연체이자가 부과됩니다. 또한, 원리금 연체시 계약만기 전에 모든 원리금의 변제의무가 발생할 수 있습니다.

금리재산정주기가 도래하거나 대출금을 기한연장하는 경우에는 기준금리 변동에 따라 금리가 하락 또는 상승될 수 있습니다.

대출 고객께서는 은행 담당자로부터 COFIX에 대한 설명을 충분히 들으시고, 각 기준금리의 특징을 이해하신 후 본인에게 적합한 대출상품을 선택하시기 바랍니다.

연체이자율은 대출이자율에 연 3%의 연체가산을 더하며, 최고 연체이자율은 연 15%입니다. 다만, 대출이자율이 15% 이상인 경우 대출이자율에 연2%를 더하여 적용합니다.

상환능력에 비해 대출금, 신용카드 사용액이 과도할 경우 개인신용평점 하락과 금융거래와 관련된 불이익이 발생할 수 있습니다.

이 상품은 KB국민은행 개인여신부(P)에서 개발한 상품입니다. 기타 자세한 내용은 영업점 직원 또는 고객센터(☎1588-9999)로 문의하시거나 KB국민은행 홈페이지(www.kbstar.com)를 참조하여 주시기 바랍니다. 또한 대출계약을 체결하기 전에 상품설명서 및 약관을 반드시 읽어보시기 바랍니다.

본 공시는 상품에 대한 이해를 돕고 약관의 중요내용을 알려드리기 위한 참고자료이며, 실제상품의 계약은 대출거래약정서, 여신거래기본약관 등의 적용을 받기 때문에 대출계약을 체결하기 전에 반드시 상품설명서 및 관련 약관을 읽어보시기 바랍니다. 약관은 창구 및 KB국민은행 홈페이지(www.kbstar.com:전체서비스->고객센터 -> 서식/약관/설명서)에서 교부 및 열람이 가능합니다.

[준법감시인 심의필 제2024-4942-98호 (2024.10.14)]","부동산(주택 제외)
주택금융신용보증서 및 모기지신용보험은 대상자 담보 요건 등을 감안하여 필요시 담보취득",국민은행
담보대출,토지분양자금대출,KB국민은행과 협약을 체결한 분양기관의 분양계약자 대상 토지분양자금대출 지원,"협약체결기관으로부터 단독주택용지, 근린생활시설용지, 상업용지(주차장, 주유소 등 포함)를 분양 받아 분양대금의 의무납부금액(10~30%) 이상을 납부하고 공사로부터 추천을 받은 개인 또는 개인사업예정자※ 협약체결기관인지세액표협약체결기관의무납부비율아산시30%한국토지주택공사, 에스에이치공사, 경기도시공사, 한국산업단지공단, 인천광역시도시개발공사, 대전광역시도시개발공사, 부산도시공사, 한국수자원공사, 화성도시공사, 경상남도개발공사, 광주광역시도시공사, 인천광역시경제자유구역청, 경상북도개발공사, 하남도시공사, 전남개발공사, 한국산업단지공단, 충북개발공사(공동시행), 시흥시, 충주시20%속초시, 울산광역시도시공사15%대구도시공사, 군포시, 창원시, 성주군, 용인도시공사, 울산광역시, 세종특별자치시, 울주군10%",분양계약서 상 분양가격의 50%와 지역별 대지의 담보평가금액 중 작은 금액 이내,"일시상환 : 소유권이전등기 예정일 범위 내에서 3년 이내(최장 8년이내 기한연장 가능)- 단, 소유권 이전과 동시에 대출금 상환
원(리)금균등분할상환 : 최장 8년 이내- 대출기간의 30% 이내 거치기간 운용 가능","금융채변동금리 (3개월) - 최저 0.9, 최고 4.10
6개월 - 기준금리 1.97, 가산금리 3.29
12개월 - 기준금리 2.03, 가산금리 3.24
금융채변동/고정금리 (2년) - 최저 4.08, 최고 4.98
3년 - 기준금리 2.16, 가산금리 2.88
5년 - 기준금리 2.24, 가산금리 2.88","중도상환수수료 : 중도상환원금 × 수수료율(0.59%) × 잔존일수 ÷ 대출기간(최장 3년까지 부과)
단, 금리변동주기 또는 고정금리기간이 3년 이상이거나 금리변동주기와 대출기간(기한연장의 경우 연장기간)이 동일한 경우 수수료율(0.79%) 적용",본 상품은 금리인하요구권 신청대상이 아닙니다.,"대출금 5천만원까지 수입인지 비용이 없으며, 5천만원 초과시 대출금액별 수입인지 비용이 차등 부과됩니다.

수입인지대금은 각 50%씩 고객과 은행이 부담하며, 근저당권설정비용 중 설정등기와 관련하여 발생하는 비용(등록면허세, 지방세,   
   등기신청수수료 및 법무사수수료)은 은행이 부담하고, 국민주택채권매입비 및 감액/말소등기와 관련하여 발생하는 비용은 고객이 부담합니다.

일반금융소비자는 은행이 계약 체결을 권유하는 경우 및 일반금융소비자가 설명을 요청하는 경우에도 중요한 사항을 이해할 수 있도록 설명받을 
   권리가 있습니다.

대출사실만으로 신용점수는 하락할 수 있으며, 금리재산정주기가 도래하거나 대출금을 기한 연장하는 경우에는 기준금리 변동, 우대금리 제공
   조건 충족여부, 신용등급 변화 등에 따라 금리가 하락 또는 상승될 수 있습니다.

대출신청인이 신용도판단정보 등록자(신용회복지원 또는 배드뱅크 포함)이거나 은행의 신용평가 결과 신용등급이 낮은 고객일 경우 대출이 
   제한될 수 있습니다.

이자는 대출기간 중 매월 이자지급일에 대출상환방법에 따라 다음과 같이 부과됩니다. 일시상환(종합통장자동대출 포함) : 일단위 일계산 후취,
   분할상환 : 월단위 월계산 또는 월단위 일계산 후취

약정납입일이 경과되면 연체이자가 부과되며, 대출만기일이 경과하거나 이자를 납입하여야 할 때부터 2개월간 지체한 때, 분할상환원(리)금의  
   납입을 3회 이상 연속하여 지체한 때에는 대출잔액에 대하여 연체이자가 부과됩니다. 또한, 원리금 연체시 계약만기 전에 모든 원리금의
   변제의무가 발생할 수 있습니다.

연체이자율은 대출이자율에 연 3%의 연체가산을 더하며, 최고 연체이자율은 연 15%입니다. 다만, 대출이자율이 15% 이상인 경우 대출이자율
    에 연2%를 더하여 적용합니다.

상환능력에 비해 대출금, 신용카드 사용액이 과도할 경우 개인신용평점 하락과 금융거래와 관련된 불이익이 발생할 수 있습니다.

기타 자세한 내용은 영업점 직원 또는 스마트상담부(☎1588-9999)에 문의하시거나 KB국민은행 홈페이지(www.kbstar.com)를 참조하여
   주시기 바랍니다. 또한 대출계약을 체결하기 전에 상품설명서 및 약관을 읽어보시기 바랍니다.

이 안내장은 은행 이용자의 상품에 대한 이해를 돕고 약관의 중요내용을 알려드리기 위한 참고자료이며, 실제 상품의 계약은 대출거래약정서, 
   여신거래기본약관 등의 적용을 받습니다. 약관은 창구 및 KB국민은행 홈페이지(www.kbstar.com : 전체서비스 → 고객센터 → 서식/약관/
   설명서)에서 교부 및 열람이 가능합니다.

[준법감시인 심의필 제2025-0136-6호(2025.01.13)]",채권양도,국민은행
담보대출,주택담보대출 채무조정 전환제도,기존의 가계주택담보대출을 만기연장 및 상환부담을 완화할 수 있는 대출로 전환,대출신규일로부터 1년이상 경과된 가계주택담보대출 보유고객,전환대출 신청시점의 대출잔액 범위 내,"최저 10년 이상 최장 30년 이내※ 12개월 변동주기는 최장 35년 이내이며, 거치기간은 최장 3년 이내에서 운영
상환방법: 전환대상 계좌와 신규계좌의 상환방법은 동일하게 운영(단, 일시상환대출은 미운영)","신규COFIX 6개월 (3.56) - 최저 3.99, 최고 5.49
신규COFIX 12개월 (3.56) - 최저 3.94, 최고 5.44
신잔액COFIX 6개월 (3.08) - 최저 4.05, 최고 5.55
신잔액COFIX 12개월 (3.08) - 최저 4.12, 최고 5.62",면제,본 상품은 금리인하요구권 신청대상이 아닙니다.,"대출금 5천만원까지 수입인지 비용이 없으며, 5천만원 초과시 대출금액별 수입인지 비용이 차등 부과됩니다.

수입인지대금은 각 50%씩 고객과 은행이 부담하며, 근저당권설정비용 중 설정등기와 관련하여 발생하는 비용(등록면허세, 지방세, 등기신청수수료 및 법무사수수료)은 은행이 부담하고, 국민주택채권매입비 및 감액/말소등기와 관련하여 발생하는 비용은 고객이 부담합니다.

일반금융소비자는 은행이 계약 체결을 권유하는 경우 및 일반금융소비자가 설명을 요청하는 경우에도 중요한 사항을 이해할 수 있도록 설명받을 권리가 있습니다.

대출사실만으로 신용점수는 하락할 수 있으며, 금리재산정주기가 도래하거나 대출금을 기한 연장하는 경우에는 기준금리 변동, 우대금리 제공조건 충족여부, 신용등급 변화 등에 따라 금리가 하락 또는 상승될 수 있습니다.

대출신청인이 은행의 신용평가 결과 대출취급이 부적격한 경우[신용도 판단정보 등록자(신용회복지원 또는 배드뱅크 포함), 연체대출금 보유, 신용등급 낮음 등] 대출이 제한될 수 있습니다.

이자는 대출기간 중 매월 이자지급일에 대출상환방법에 따라 다음과 같이 부과됩니다. 일시상환(종합통장자동대출 포함) : 일단위 일계산 후취, 분할상환 : 월단위 월계산 또는 월단위 일계산 후취

약정납입일이 경과되면 연체이자가 부과되며, 대출만기일이 경과하거나 이자를 납입하여야 할 때부터 2개월간 지체한 때, 분할상환원(리)금의 납입을 3회 이상 연속하여 지체한 때에는 대출잔액에 대하여 연체이자가 부과됩니다. 또한, 원리금 연체시 계약만기 전에 모든 원리금의 변제의무가 발생할 수 있습니다.

연체이자율은 대출이자율에 연 3%의 연체가산을 더하며, 최고 연체이자율은 연 15%입니다. 다만, 대출이자율이 15% 이상인 경우 대출이자율에 연2%를 더하여 적용합니다.

상환능력에 비해 대출금, 신용카드 사용액이 과도할 경우 개인신용평점 하락과 금융거래와 관련된 불이익이 발생할 수 있습니다.

대출 고객께서는 은행 담당자로부터 COFIX에 대한 설명을 충분히 들으시고, 각 기준금리의 특징을 이해하신 후 본인에게 적합한 대출상품을 선택하시기 바랍니다.

이 상품은 KB국민은행 개인여신부(P)에서 개발한 상품입니다. 기타 자세한 내용은 영업점 직원 또는 고객센터(☎1588-9999)로 문의하시거나 KB국민은행 홈페이지(www.kbstar.com)를 참조하여 주시기 바랍니다. 또한 대출계약을 체결하기 전에 상품설명서 및 약관을 반드시 읽어보시기 바랍니다

본 공시는 상품에 대한 이해를 돕고 약관의 중요내용을 알려드리기 위한 참고자료이며, 실제상품의 계약은 대출거래약정서, 여신거래기본약관 등의 적용을 받기 때문에 대출계약을 체결하기 전에 반드시 상품설명서 및 관련 약관을 읽어보시기 바랍니다. 약관은 창구 및 KB국민은행 홈페이지(www.kbstar.com:전체서비스->고객센터 -> 서식/약관/설명서)에서 교부 및 열람이 가능합니다

[준법감시인 심의필 제2024-4942-97호 (2024.10.14)]","아파트, 주상복합아파트, 단독주택(다가구 포함), 연립주택(빌라 포함), 다세대주택, 주상복합주택
주택금융신용보증서 및 모기지신용보험은 대상자 담보 요건 등을 감안하여 필요시 담보취득",국민은행
담보대출,KB임대보증금반환자금보증대출,임차인에게 임대보증금을 반환하기 위한 자금을 임대인에게 지원하는 대출상품,"임대차계약의 기간 만료(임대차계약 기간 만료 후 동일한 주택에서 동일한 임차인과 임대보증금을 인하하여 계약갱신하는 경우 포함) 등으로 임차인에게 임대보증금을 반환하기 위하여 대출을 받고자 하는 임대인으로 「주택금융신용보증서」가 발급되는 개인※ 임대인이 이미 임차인에게 임대보증금을 반환한 경우나 대상 주택 또는 대출신청인 및 배우자가 소유한 거주지의 부동산등기사항전부증명서에 소유권의 권리침해(압류, 가압류, 경매 등)가 있는 경우는 대출대상에서 제외됩니다.
대출신청일 현재 임차인이 대상주택에 대항력(확정일자 및 전입)을 유지하고 있어야 합니다.※ 임차인이 임차권 등기 또는 전세권을 설정한 후 전출하였다면 전입 유지한 것으로 간주",다음 (1)~(3) 중 가장 적은 금액(임차인 명의 계좌로 지급)(1) 보증종류별 보증한도 : 2억원 - 기 임대보증금반환자금보증잔액(2) 소요자금별 보증한도 : ①~③ 중 가장 적은 금액① 임대보증금의 30%② [(주택가격 X 60%) + 5천만원] - 선순위채권액※ 신청금액이 2천5백만원 이하일 경우 본 산식 적용 제외③ 임대인 반환예정 임대보증금(3) 주택당 보증한도 :5천만원 - 동일목적물 기 임대보증금반환보증잔액,"대출기간 : 2년 이내(연 단위)※ 당초 대출일로부터 최장 4년 이내 기한연장 가능(1년 단위)
상환방법 : 만기일시상환","금융채 12개월 (3.59) - 최저 5.45, 최고 6.65",면제,,"금융소비자는 해당 상품 또는 서비스에 대하여 설명받을 권리가 있습니다.

대출신청인이 신용도판단정보 등록자(신용회복지원 또는 배드뱅크 포함)이거나 은행의 신용평가 결과 신용등급이 낮은 고객일 경우 대출이 제한될 수 있습니다.

확인서(임대보증금반환자금보증용) 작성을 위해 임차인도 영업점에 방문하여 자필서명 하셔야 합니다.

상환능력에 비해 대출금, 신용카드 사용액이 과도할 경우 개인신용평점 하락할 수 있으며, 개인신용평점 하락으로 금융거래와 관련된 불이익이 발생할 수 있습니다. 또한 대출 취급후 일정 기간 납부해야 할 원리금이 연체될 경우, 계약만료 기한이 도래하기 전에 모든 원리금을 변제해야 할 의무가 발생할 수 있습니다.

대출 사실만으로 신용점수는 하락할 수 있습니다.

약정납일입이 경과되면 연체이자가 부과되며, 대출만기일이 경과하거나 이자를 납입하여야 할 때부터 1개월간 지체한 때, 분할상환원(리)금의 납입을 2회 이상 연속하여 지체한 때에는 대출잔액에 대하여 연체이자가 부과됩니다.

금리재산정주기 도래시 고객님의 거래실적, 우대금리 제공조건 충족여부, 신용등급 변화 등에 따라 금리가 하락 또는 상승될 수 있습니다.

대출 고객께서는 은행 담당자로부터 COFIX에 대한 설명을 충분히 들으시고, 각 기준금리의 특징을 이해하신 후 본인에게 적합한 대출상품을 선택하시기 바랍니다.

이 상품은 KB국민은행 개인여신부(P)에서 개발한 상품입니다.

기타 자세한 내용은 영업점 직원 또는 고객센터(☎1588-9999)에 문의하시거나 KB국민은행 홈페이지(www.kbstar.com)를 참조하여 주시기 바랍니다.

본 공시는 상품에 대한 이해를 돕고 약관의 중요내용을 알려드리기 위한 참고자료이며, 실제상품의 계약은 대출거래약정서, 여신거래기본약관 등의 적용을 받기 때문에 대출계약을 체결하기 전에 반드시 상품설명서 및 관련 약관을 읽어보시기 바랍니다.

[준법감시인 심의필 제2024-4942-55호(2024.10.14)]",주택금융신용보증서,국민은행
담보대출,KB 월상환액 고정형 주택담보대출,"1회차 월상환액(분할상환 원금+이자)이 대출금리 변동에 관계없이 10년간 유지
월상환액 고정기간(10년) 동안 금리상한 적용",주택을 담보로 대출 신청하는 고객(주택구입/신축/경락주택구입자금대출 포함),"담보평가 및 소득금액, 담보물건지 지역 등에 따른 대출가능금액 이내","대출기간 : 최저 15년 이상 최장 30년 이내(거치기간 운용 불가)
상환방법 : 원리금균등 분할상환☞ 다만, 원리금균등 분할상환 방식에 의해 산출된 ""1회차"" 월상환액(분할상환 원금+이자)을 대출실행일로부터 ""10년간"" 고정☞ 월상환액 고정기간 종료 후 잔여 대출원금을 원리금균등 분할상환 방식에 의해 재산정※ 월상환액 고정 방법- 대출금리 상승으로 이자금액이 증가한 경우 원금 상환액을 줄이고, 대출금리 하락으로 이자금액이 감소한 경우 원금 상환액을 늘려 월상환액을 유지합니다.- 대출원금을 일부 상환하는 경우에도 월상환액은 고정됩니다.","신규COFIX 6개월 (3.56) - 최저 6.15, 최고 6.75",중도상환수수료 : 중도상환원금 × 수수료율(0.58%) × 잔존일수 ÷ 대출기간(최장 3년까지 부과)· 대출개시일로부터 매년 당초 대출금액의 10% 이내 원금 상환시에는 면제,"본 상품은 금리인하요구권 신청이 가능합니다. 단, 은행의 심사결과에 따라 금리인하 요청이 반영되지 않을 수도 있습니다.","금리재산정주기가 도래하는 경우 기준금리 변동, 고객님의 거래실적, 우대금리 제공조건 충족여부 등에 따라 금리가 하락 또는 상승될 수 있습니다.

대출신청인이 은행의 신용평가 결과 대출취급이 부적격한 경우[신용도 판단 정보 등록자(신용회복지원 또는 배드뱅크 포함), 연체대출금 보유, 신용등급 낮음 등] 대출이 제한될 수 있습니다.

대출 사실만으로 신용점수는 하락할 수 있습니다.

약정납입일이 경과되면 연체이자가 부과되며, 대출만기일이 경과하거나 이자를 납입하여야 할 때부터 2개월간 지체한 때, 분할상환원(리)금의 납입을 3회 이상 연속하여 지체한 때에는 대출잔액에 대하여 연체이자가 부과됩니다.

대출고객께서는 은행 담당자로부터 COFIX에 대한 설명을 충분히 들으시고, 각 기준금리의 특징을 이해하신 후 본인에게 적합한 대출상품을 선택하시기 바랍니다.

이 상품은 대출신규 이후 금리조건, 대출기간, 거치기간, 상환방법, 약정납입일 등의 조건변경이 불가합니다.

이 상품은 채무인수가 불가한 상품으로 주택을 매도한 경우 대출금 전액을 상환하거나 다른 상품으로 변경 후 채무(계약) 인수절차를 마쳐야 합니다.

이 상품은 한도 소진시 취급이 불가할 수 있습니다.

이자는 대출기간 중 매월 이자지급일에 대출상환방법에 따라 다음과 같이 부과됩니다. 일시상환(종합통장자동대출 포함) : 일단위 일계산 후취, 분할상환 : 월단위 월계산 또는 월단위 일계산 후취

금융소비자는 해당상품 또는 서비스에 대하여 설명받을 권리가 있습니다.

상환능력에 비해 대출금, 신용카드 사용액이 과도할 경우 개인신용평점 하락과 금융거래와 관련된 불이익이 발생할 수 있습니다. 또한, 원리금 연체시 계약만기 전에 모든 원리금의 변제의무가 발생할 수 있습니다.

이 상품은 KB국민은행 개인여신부(P)에서 개발한 상품입니다. 기타 자세한 내용은 영업점 직원 또는 고객센터(☎1588-9999)로 문의하시거나 KB국민은행 홈페이지(www.kbstar.com)를 참조하여 주시기 바랍니다. 또한 대출계약을 체결하기 전에 상품설명서 및 약관을 반드시 읽어보시기 바랍니다.

본 공시는 상품에 대한 이해를 돕고 약관의 중요내용을 알려드리기 위한 참고자료이며, 실제상품의 계약은 대출거래약정서, 여신거래기본약관 등의 적용을 받기 때문에 대출계약을 체결하기 전에 반드시 상품설명서 및 관련 약관을 읽어보시기 바랍니다. 약관은 창구 및 KB국민은행 홈페이지(www.kbstar.com:전체서비스->고객센터 -> 서식/약관/설명서)에서 교부 및 열람이 가능합니다.

[준법감시인 심의필 제2024-6049-89호(2025.01.06)]","대상 주택 및 토지에 근저당권 설정(후순위 설정 가능)
주택금융신용보증서 및 모기지신용보험은 대상자 담보 요건 등을 감안하여 필요시 담보 취득",국민은행
담보대출,KB 적격전환대출,당행 1년 경과된 주택담보대출 차주의 원금상환 부담을 경감하기 위하여 당행의 기존대출 잔액범위 이내에서 대환 취급하고 주택금융공사로 유동화 하는 상품,"대출신청일 현재 채무자와 배우자의 총 주택 보유수가 본건 담보주택을 제외하고 무주택이며, 부부합산 연소득이 6천만원 이하",기존대출 잔액 범위 내에서 최고 3억원 이하,"대출기간 : 10년/15년/20년/30년☞ 거치기간 불가능
상환방법 : 원(리)금 균등 분할상환, 혼합상환(원리금 균등 분할상환+만기일시상환)","10년 - 기준금리 1.69, 가산금리 0.69
15년 - 기준금리 1.69, 가산금리 0.74
20년 - 기준금리 1.69, 가산금리 0.79
30년 - 기준금리 1.69, 가산금리 0.84",,본 상품은 금리인하요구권 신청대상이 아닙니다.,,"1순위 근저당권 설정 원칙(한정근담보로 운용)
모기지신용보험(MCI)운용가능* MCI(모기지보험,Mortgage Credit Insurance) : 아파트담보대출 취급시 본인이 거주하는 경우에 한해 방수에 대한 최우선변제보증금을 차감하지않고 대출가능금액을 산정(보험료 은행부담)",국민은행
담보대출,안심전환대출,당행 주택담보대출의 잔액만큼 대환가능한 상품으로서 고객의 대출금리를 낮춘 장기 고정금리 상품으로 향후 금리 변동의 위험을 피하고자 하는 고객에게 적합한 상품(인터넷 비대면 약정),민법상 성년으로 ①주택 보유 수 ②주택 가격 ③소득 자격을 모두 충족하는 대한민국 국민① 주택 보유 수 : 본건 1주택 (채무자 및 배우자 기준)② 주택 가격 : 시세 6억원 이하③ 소득 : 부부합산 1억원 이하 (소득증빙 필수),"최저 1백만원 이상 ~ 최대 3.6억원 이내 (1백만원 단위)(주택유형과 신용등급, 담보물건지 지역 등에 따라 담보평가 금액의 최대 70%까지 대출 가능)※ 대환 대상 대출잔액이 3.6억원을 초과할 경우 차액은 고객 상환","대출기간 : 10년, 15년, 20년, 30년* 거치기간(이자만 납부하는 기간) 미운영상환방법 : 원금균등 분할상환, 원리금균등 분할상환","일반 - 기준금리 연 3.80 %, 가산금리 연 3.90 %
청년우대* - 기준금리 연 3.70%, 가산금리 연 3.80%",면제※ 안심전환대출 대환을 위해 상환하는 기존 대출도 중도상환수수료 면제(안심전환대출 대출신청금액 취급 금액 이내 면제),본 상품은 금리인하요구권 신청대상이 아닙니다.,"한국주택금융공사와의 업무협약에 의해 대출취급 후 공사로 양도되는 자산유동화 목적 대출상품 입니다.

본 대출 취급 후 금리조건변경 및 기한연장 취급이 불가하며, 금리하락시 변동금리 상품에 비해 불리할 수도 있으므로 유의하시기 바랍니다.

대출 사실만으로 신용점수는 하락할 수 있습니다.

약정 납입일이 경과되면 연체이자가 부과되며, 대출만기일이 경과하거나 이자를 납입하여야 할 때부터 2개월간 지체한 때 분할상환원(리)금의  납입을 3회 이상 연속하여 지체한 때에는 대출잔액에 대하여 연체이자가 부과됩니다.

대출금 5천만원까지 수입인지 비용이 없으며, 5천만원 초과시 대출금액별 수입인지 비용이 차등 부과됩니다. (수입인지 비용은 각 50%씩 고객과 은행이 부담합니다.)

금융소비자 보호에 관한 법률 제 46조 ①항 에 의하여 계약서류 수령일, 계약 체결일, 대출금 수령일 중 나중에 발생한 날부터 14일(기간의 말일이 휴일인 경우 다음 영업일)까지 은행에 서면, 전화, 컴퓨터 통신으로 철회의사를 표시하고 원금, 이자 및 부대비용을 전액 반환한 경우 대출계약을 철회할 수 있습니다. 동일 은행을 대상으로 최근 1개월 내에 2회를 초과하여 대출계약을 철회하는 경우 대출계약 철회권 행사 횟수가 제한됩니다. (한국주택금융공사 운용기준 사항임)

근저당권설정비용 중 설정등기와 관련하여 발생하는 비용(등록면허세, 지방세, 등기신청수수료 및 법무사수수료)은 은행이 부담하고, 국민주택채권매입비 및 감액/말소등기와 관련하여 발생하는 비용은 고객이 부담합니다.

일반금융소비자는 은행이 계약 체결을 권유하는 경우 및 일반금융소비자가 설명을 요청하는 경우에도 중요한 사항을 이해할 수 있도록  설명받을 권리가 있습니다.

대출신청인이 신용도판단정보등록자(신용회복지원 또는 배드뱅크 포함)이거나 은행의 신용평가 결과 신용등급이 낮은 고객일 경우 대출취급이 제한될 수 있습니다.

이자는 대출기간 중 매월 이자지급일에 대출상환방법에 따라 다음과 같이 부과됩니다. 분할상환 : 월단위 월계산 또는 월단위 일계산 후취 연체이자율은 대출이자율에 연 3%의 연체가산을 더하며, 최고 연체이자율은 연 15%입니다. 다만, 대출이자율이 15% 이상인 경우 대출이자율에 연2%를 더하여 적용합니다.

상환능력에 비해 대출금, 신용카드 사용액이 과도할 경우 개인신용평점 하락과 금융거래와 관련된 불이익이 발생할 수 있습니다. 또한, 원리금 연체시 계약만기 전에 모든 원리금의 변제의무가 발생할 수 있습니다.

이 상품은 KB국민은행 개인여신부에서 개발한 상품입니다. 기타 자세한 내용은 영업점 직원 또는 KB국민은행 고객센터(☎1588-9999)에 문의하시거나 KB국민은행 홈페이지(www.kbstar.com)를 참조하여 주시기 바랍니다. 또한 대출계약을 체결하기 전에 상품설명서 및 약관을  읽어보시기 바랍니다.

이 공시는 은행 이용자의 상품에 대한 이해를 돕고 약관의 중요내용을 알려드리기 위한 참고자료이며, 실제 상품의 계약은 대출거래 약정서, 여신거래기본약관 등의 적용을 받습니다. 약관은 창구 및 KB국민은행 홈페이지(www.kbstar.com : 전체서비스 → 고객센터 → 서식/약관/설명서)에서 교부 및 열람이 가능합니다.

[준법감시인 심의필 제 2022-3486-1호(2022.11.1)]","시세가 6억원 이하이며 공부상 주택이고 실제 주거용으로 이용되는 아파트,연립,다세대,단독주택 등
1순위 근저당권 설정 원칙(한정근담보로 운용)
주택금융신용보증서(MCG)운용가능",국민은행
담보대출,부동산 담보신탁 수익증권증서 담보대출,소유 부동산을 당행과 협약 체결된 부동산신탁회사에 담보신탁하고 동 신탁수익권증서를 담보로 제공하는 고객에 대해 담보사정가격 범위 내에서 가계자금을 대출하는 제도,"부동산 신탁회사의 부동산담보신탁 수익증권을 담보로 제공하는 개인☞ 협약체결 부동산신탁회사: KB부동산신탁, 한국토지신탁, 대한토지신탁, 생보부동산신탁, 한국자산신탁, 다올부동산신탁, 코람코자산신탁, 국제신탁, 아시아신탁, 무궁화신탁, 코리아신탁",담보신탁 대상 부동산의 대출가능금액 이내(종합통장자동대출은 최고 3억원 이내),수익증서 상의 신탁기간 범위 내에서- 최장 5년 이내 분할상환- 최장 5년 이내 일시상환(종합통장자동대출은 1년으로 운영)☞ 수익권증서 상의 신탁기간 범위 내에서 최장 10년까지 기한연장,"금융채 60개월 (3.91) - 최저 3.70, 최고 5.10
신규COFIX 6개월 (3.56) - 최저 4.09, 최고 5.49
신규COFIX 12개월 (3.56) - 최저 4.04, 최고 5.44
신잔액COFIX 6개월 (3.08) - 최저 4.15, 최고 5.55
신잔액COFIX 12개월 (3.08) - 최저 4.22, 최고 5.62",중도상환수수료 : 중도상환원금 × 수수료율(0.58%) × 잔존일수 ÷ 대출기간(최장 3년까지 부과)· 대출개시일로부터 매년 당초 대출금액의 10% 이내 원금 상환시에는 면제,본 상품은 금리인하요구권 신청대상이 아닙니다.,"대출신청인이 은행의 신용평가 결과 대출취급이 부적격한 경우[신용도 판단정보 등록자(신용회복지원 또는 배드뱅크 포함), 연체대출금 보유, 신용등급 낮음 등] 대출이 제한될 수 있습니다.

대출 사실만으로 신용점수는 하락할 수 있습니다.

약정납일입이 경과되면 연체이자가 부과되며, 대출만기일이 경과하거나 이자를 납입하여야 할 때부터 2개월간 지체한 때, 분할상환원(리)금의 납입을 3회 이상 연속하여 지체한 때에는 대출잔액에 대하여 연체이자가 부과됩니다.

이자는 대출기간 중 매월 이자지급일에 대출상환방법에 따라 다음과 같이 부과됩니다. 일시상환(종합통장자동대출 포함) : 일단위 일계산 후취, 분할상환 : 월단위 월계산 또는 월단위 일계산 후취

금융소비자는 해당상품 또는 서비스에 대하여 설명받을 권리가 있습니다.

상환능력에 비해 대출금, 신용카드 사용액이 과도할 경우 개인신용평점 하락과 금융거래와 관련된 불이익이 발생할 수 있습니다. 또한, 원리금 연체시 계약만기 전에 모든 원리금의 변제의무가 발생할 수 있습니다.

금리재산정주기가 도래하거나 대출금을 기한연장하는 경우에는 기준금리 변동에 따라 금리가 하락 또는 상승될 수 있습니다.

대출 고객께서는 은행 담당자로부터 COFIX에 대한 설명을 충분히 들으시고, 각 기준금리의 특징을 이해하신 후 본인에게 적합한 대출상품을 선택하시기 바랍니다.

이 상품은 KB국민은행 개인여신부(P)에서 개발한 상품입니다. 기타 자세한 내용은 영업점 직원 또는 KB국민은행 고객센터(☎1588-9999)로 문의하시거나 KB국민은행 홈페이지(www.kbstar.com)를 참조하여 주시기 바랍니다. 또한 대출계약을 체결하기 전에 상품설명서 및 약관을 읽어보시기 바랍니다.

※ 본 설명서는 상품에 대한 이해를 돕고, 약관의 중요내용을 알려드리기 위한 참고자료이며, 실제 상품의 계약은 대출거래약정서, 여신거래기본약관 등의 적용을 받습니다. 약관은 창구 및 KB국민은행 홈페이지(www.kbstar.com : 전체서비스 → 고객센터 → 서식/약관/설명서)에서 교부 및 열람이 가능합니다.

[준법감시인 심의필 제2024-6049-90호(2025.01.06)]",부동산담보신탁 수익권증서 점유이전,국민은행